<?xml version="1.0" encoding="utf-8"?>
<metadata>
	<layout title="NEWSFEED CATEGORY LAYOUT">
		<message>
			<![CDATA[NEWSFEED CATEGORY LAYOUT DESC]]>
		</message>
	</layout>
	<state>
		<name>Newsfeed Category Layout</name>
		<description>NEWSFEED CATEGORY LAYOUT DESC</description>
		<url addpath="/administrator/components/com_newsfeeds/elements">
			<param name="id" type="category" section="com_newsfeeds" default="0" label="Category" description="PARAMCATSELECT" />
		</url>
		<params>
			<param name="show_limit" type="radio" default="1" label="Show Limit Box" description="Show/Hide the limit box">
				<option value="0">Hide</option>
				<option value="1">Show</option>
			</param>
		</params>
	</state>
</metadata>