<?xml version="1.0" encoding="utf-8" ?><dwsync><file name="gradients.png" server="ftp.90plan.ovh.net/www/" local="3393062838" remote="16278168288" /><file name="logo.png" server="ftp.90plan.ovh.net/www/" local="3393347760" remote="16278242448" /><file name="sub_gradient.png" server="ftp.90plan.ovh.net/www/" local="3393062838" remote="11982990332" /><file name="sub_gradient_light.png" server="ftp.90plan.ovh.net/www/" local="3393062838" remote="11982941792" /><file name="crigeos_site_bkgd.png" server="ftp.90plan.ovh.net/www/" local="3393333613" remote="16278228348" /><file name="header_bkgd.png" server="ftp.90plan.ovh.net/www/" local="3393068749" remote="16277963448" /><file name="bkgd_user1.png" server="ftp.90plan.ovh.net/www/" local="3393081876" remote="16277976648" /><file name="column_220_left.png" server="ftp.90plan.ovh.net/www/" local="3393259944" remote="16278227448" /><file name="bkgd_accueil.png" server="ftp.90plan.ovh.net/www/" local="3393432231" remote="16278254688" /><file name="cross.png" server="ftp.90plan.ovh.net/www/" local="3393329490" remote="16278168288" /><file name="crigeos_site_bkgd.jpg" server="ftp.90plan.ovh.net/www/" local="3393755065" remote="16278649728" /><file name="gradients_red.png" server="ftp.90plan.ovh.net/www/" local="3393359164" remote="16278253968" /><file name="gradients_gr.png" server="ftp.90plan.ovh.net/www/" local="3393237462" remote="16278254388" /></dwsync>