<?xml version="1.0" encoding="UTF-8"?>
<extension method="upgrade" type="component" version="3.0.0">
  <name>com_easysdi_shop</name>
  <creationDate>15 August 2012</creationDate>
  <releaseDate>26 juillet 2013</releaseDate>
  <copyright>Copyright (C) 2012. All rights reserved.</copyright>
  <license>GNU General Public License version 3 or later; see LICENSE.txt</license>
  <author>EasySDI Community</author>
  <authorEmail>contact@easysdi.org</authorEmail>
  <authorUrl>http://www.easysdi.org</authorUrl>
  <version>4.0.0-alpha-4</version>
  <description />
  <scriptfile>script.php</scriptfile>
  <install>
    <sql>
      <file charset="utf8" driver="mysql">sql/install.mysql.utf8.sql</file>
      <file charset="utf8" driver="mysql">sql/insert.install.mysql.utf8.sql</file>
    </sql>
  </install>
  <uninstall>
    <sql>
      <file charset="utf8" driver="mysql">sql/uninstall.mysql.utf8.sql</file>
    </sql>
  </uninstall>
  <update>
    <schemas>
      <schemapath type="mysql">sql/updates</schemapath>
    </schemas>
  </update>
  <files folder="site">
    <filename>index.html</filename>
    <filename>easysdi_shop.php</filename>
    <filename>controller.php</filename>
    <filename>router.php</filename>
    <folder>views</folder>
    <folder>models</folder>
    <folder>controllers</folder>
    <folder>helpers</folder>
  </files>
  <languages folder="site">
    <language tag="en-GB">language/en-GB.com_easysdi_shop.ini</language>
    <language tag="fr-FR">language/fr-FR.com_easysdi_shop.ini</language>
  </languages>
  <administration>
    <files folder="administrator">
      <filename>access.xml</filename>
      <filename>config.xml</filename>
      <filename>controller.php</filename>
      <filename>index.html</filename>
      <filename>easysdi_shop.php</filename>
      <folder>controllers</folder>
      <folder>assets</folder>
      <folder>helpers</folder>
      <folder>libraries</folder>
      <folder>models</folder>
      <folder>sql</folder>
      <folder>tables</folder>
      <folder>views</folder>
    </files>
    <languages folder="administrator">
      <language tag="en-GB">language/en-GB/en-GB.com_easysdi_shop.ini</language>
      <language tag="en-GB">language/en-GB/en-GB.com_easysdi_shop.sys.ini</language>
      <language tag="fr-FR">language/fr-FR/fr-FR.com_easysdi_shop.ini</language>
      <language tag="fr-FR">language/fr-FR/fr-FR.com_easysdi_shop.sys.ini</language>
    </languages>
  </administration>
</extension>
