<?xml version="1.0" encoding="utf-8"?>
<!DOCTYPE install PUBLIC "-//Joomla! 1.5//DTD template 1.0//EN" "http://dev.joomla.org/xml/1.5/template-install.dtd" >
<install version="2.0" type="template">
		<name>easysdi</name>
	
	<creationDate>January 2011</creationDate>
	<author>depth.ch</author>
	<authorEmail>easysdi@depth.ch</authorEmail>
	<authorUrl>http://www.depth.ch</authorUrl>
    <copyright>EASYSDI</copyright>
    <license>EASYSDI</license>
    <version>2.0</version>
	<description>EASYSDI Template</description>
	<files>
		<filename>index.php</filename>
		<filename>index.html</filename>
		<filename>component.php</filename>
		<filename>templateDetails.xml</filename>
		<filename>template_thumbnail.png</filename>		
		<filename>params.ini</filename>		
		<folder>css</folder>
		<folder>html</folder>
		<folder>images</folder>
		<folder>media</folder>
		<folder>icons</folder>
	</files>

	<administration>
	</administration>
	<positions>
		<position>breadcrumb</position>
		<position>left</position>
		<position>right</position>
		<position>top</position>
		<position>user1</position>
		<position>user2</position>
		<position>user3</position>
		<position>user4</position>
		<position>footer</position>
		<position>debug</position>
		<position>syndicate</position>
	</positions>
	<params>
		<param name="colorVariation" type="list" default="white" label="Color Variation" description="Color variation to use">
			<option value="blue">Blue</option>
			<option value="red">Red</option>
			<option value="green">Green</option>
			<option value="orange">Orange</option>
			<option value="black">Black</option>
			<option value="white">White</option>
		</param>
		<param name="backgroundVariation" type="list" default="blue" label="Background Variation" description="Background color variation to use">
			<option value="blue">Blue</option>
			<option value="red">Red</option>
			<option value="green">Green</option>
			<option value="orange">Orange</option>
			<option value="black">Black</option>
			<option value="white">White</option>
		</param>
		<param name="widthStyle" type="list" default="fmax" label="Template Width" description="Width style of the template">
			<option value="fmax">Fluid with maximum</option>
			<option value="medium">Medium</option>
			<option value="small">Small</option>
			<option value="fluid">Fluid</option>
		</param>
	</params>
</install>
