<?xml version="1.0" encoding="utf-8"?>
<extension type="component" version="1.6.0" method="upgrade">
    <name>com_easysdi_core</name>
    <creationDate>2012-06-04</creationDate>
    <copyright>Copyright (C) 2012. All rights reserved.</copyright>
    <license>GNU General Public License version 3 or later; see LICENSE.txt</license>
    <author>EasySDI Community</author>
    <authorEmail>contact@easysdi.org</authorEmail>
    <authorUrl>http://www.easysdi.org</authorUrl>
    <version>3.0.0</version>
    <description></description>
	<scriptfile>installerscript.php</scriptfile>
    <install> <!-- Runs on install -->
        <sql>
            <file driver="mysql" charset="utf8">sql/install.mysql.utf8.sql</file>
            <file driver="mysql" charset="utf8">sql/insert.install.mysql.utf8.sql</file>
            <file driver="mysql" charset="utf8">sql/alter.install.mysql.utf8.sql</file>
        </sql>
    </install>
    <uninstall> <!-- Runs on uninstall -->
        <sql>
            <file driver="mysql" charset="utf8">sql/uninstall.mysql.utf8.sql</file>
        </sql>
    </uninstall>

    <files folder="site">
        <filename>index.html</filename>
        <filename>easysdi_core.php</filename>
        <filename>controller.php</filename>
        <filename>router.php</filename>
        <folder>views</folder>
        <folder>models</folder>
        <folder>controllers</folder>
        <folder>helpers</folder>
    </files>
    <languages folder="site">
        <language tag="en-GB">language/en-GB.com_easysdi_core.ini
        </language>
    </languages>
    <administration>
        <menu img="components/com_easysdi_core/assets/images/s_com_easysdi_core.png" >COM_EASYSDI_CORE</menu>
        
        <files folder="administrator">
            <filename>access.xml</filename>
            <filename>config.xml</filename>
            <filename>controller.php</filename>
            <filename>index.html</filename>
            <filename>easysdi_core.php</filename>
            <folder>controllers</folder>
            <folder>assets</folder>
            <folder>helpers</folder>
            <folder>models</folder>
            <folder>sql</folder>
            <folder>tables</folder>
            <folder>views</folder>
            <folder>librairies</folder>
        </files>
        <languages folder="administrator">
            <language tag="en-GB">language/en-GB.com_easysdi_core.ini
            </language>
            <language tag="en-GB">language/en-GB.com_easysdi_core.sys.ini
            </language>
        </languages>
    </administration>
</extension>
<!-- Component built by the Joomla Component Creator -->
<!-- http://www.notwebdesign.com/joomla-component-creator/ -->
