<?xml version="1.0" encoding="UTF-8"?>
<font-metrics metrics-version="2" type="TYPE0">
	<font-name>Arial</font-name>
	<embed />
	<cap-height>715</cap-height>
	<x-height>518</x-height>
	<ascender>728</ascender>
	<descender>-210</descender>
	<bbox>
		<left>-664</left>
		<bottom>-324</bottom>
		<right>2000</right>
		<top>1005</top>
	</bbox>
	<flags>32</flags>
	<stemv>0</stemv>
	<italicangle>0</italicangle>
	<subtype>TYPE0</subtype>
	<multibyte-extras>
		<cid-type>CIDFontType2</cid-type>
		<default-width>0</default-width>
		<bfranges>
			<bf gi="3" ue="126" us="32" />
			<bf gi="3" ue="160" us="160" />
			<bf gi="163" ue="161" us="161" />
			<bf gi="132" ue="163" us="162" />
			<bf gi="862" ue="164" us="164" />
			<bf gi="150" ue="165" us="165" />
			<bf gi="230" ue="166" us="166" />
			<bf gi="134" ue="167" us="167" />
			<bf gi="142" ue="168" us="168" />
			<bf gi="139" ue="169" us="169" />
			<bf gi="157" ue="170" us="170" />
			<bf gi="169" ue="171" us="171" />
			<bf gi="164" ue="172" us="172" />
			<bf gi="16" ue="173" us="173" />
			<bf gi="138" ue="174" us="174" />
			<bf gi="256" ue="175" us="175" />
			<bf gi="131" ue="176" us="176" />
			<bf gi="147" ue="177" us="177" />
			<bf gi="240" ue="179" us="178" />
			<bf gi="141" ue="180" us="180" />
			<bf gi="151" ue="181" us="181" />
			<bf gi="136" ue="182" us="182" />
			<bf gi="194" ue="183" us="183" />
			<bf gi="220" ue="184" us="184" />
			<bf gi="239" ue="185" us="185" />
			<bf gi="158" ue="186" us="186" />
			<bf gi="170" ue="187" us="187" />
			<bf gi="243" ue="188" us="188" />
			<bf gi="242" ue="189" us="189" />
			<bf gi="244" ue="190" us="190" />
			<bf gi="162" ue="191" us="191" />
			<bf gi="172" ue="192" us="192" />
			<bf gi="200" ue="193" us="193" />
			<bf gi="198" ue="194" us="194" />
			<bf gi="173" ue="195" us="195" />
			<bf gi="98" ue="197" us="196" />
			<bf gi="144" ue="198" us="198" />
			<bf gi="100" ue="199" us="199" />
			<bf gi="202" ue="200" us="200" />
			<bf gi="101" ue="201" us="201" />
			<bf gi="199" ue="202" us="202" />
			<bf gi="201" ue="203" us="203" />
			<bf gi="206" ue="204" us="204" />
			<bf gi="203" ue="207" us="205" />
			<bf gi="231" ue="208" us="208" />
			<bf gi="102" ue="209" us="209" />
			<bf gi="209" ue="210" us="210" />
			<bf gi="207" ue="212" us="211" />
			<bf gi="174" ue="213" us="213" />
			<bf gi="103" ue="214" us="214" />
			<bf gi="238" ue="215" us="215" />
			<bf gi="145" ue="216" us="216" />
			<bf gi="212" ue="217" us="217" />
			<bf gi="210" ue="219" us="218" />
			<bf gi="104" ue="220" us="220" />
			<bf gi="233" ue="221" us="221" />
			<bf gi="235" ue="222" us="222" />
			<bf gi="137" ue="223" us="223" />
			<bf gi="106" ue="224" us="224" />
			<bf gi="105" ue="225" us="225" />
			<bf gi="107" ue="226" us="226" />
			<bf gi="109" ue="227" us="227" />
			<bf gi="108" ue="228" us="228" />
			<bf gi="110" ue="229" us="229" />
			<bf gi="160" ue="230" us="230" />
			<bf gi="111" ue="231" us="231" />
			<bf gi="113" ue="232" us="232" />
			<bf gi="112" ue="233" us="233" />
			<bf gi="114" ue="235" us="234" />
			<bf gi="117" ue="236" us="236" />
			<bf gi="116" ue="237" us="237" />
			<bf gi="118" ue="239" us="238" />
			<bf gi="232" ue="240" us="240" />
			<bf gi="120" ue="241" us="241" />
			<bf gi="122" ue="242" us="242" />
			<bf gi="121" ue="243" us="243" />
			<bf gi="123" ue="244" us="244" />
			<bf gi="125" ue="245" us="245" />
			<bf gi="124" ue="246" us="246" />
			<bf gi="183" ue="247" us="247" />
			<bf gi="161" ue="248" us="248" />
			<bf gi="127" ue="249" us="249" />
			<bf gi="126" ue="250" us="250" />
			<bf gi="128" ue="252" us="251" />
			<bf gi="234" ue="253" us="253" />
			<bf gi="236" ue="254" us="254" />
			<bf gi="185" ue="255" us="255" />
			<bf gi="406" ue="257" us="256" />
			<bf gi="258" ue="261" us="258" />
			<bf gi="251" ue="263" us="262" />
			<bf gi="408" ue="267" us="264" />
			<bf gi="253" ue="269" us="268" />
			<bf gi="262" ue="272" us="270" />
			<bf gi="255" ue="273" us="273" />
			<bf gi="412" ue="279" us="274" />
			<bf gi="265" ue="283" us="280" />
			<bf gi="418" ue="285" us="284" />
			<bf gi="246" ue="287" us="286" />
			<bf gi="420" ue="303" us="288" />
			<bf gi="248" ue="304" us="304" />
			<bf gi="213" ue="305" us="305" />
			<bf gi="394" ue="307" us="306" />
			<bf gi="436" ue="312" us="308" />
			<bf gi="269" ue="314" us="313" />
			<bf gi="441" ue="316" us="315" />
			<bf gi="271" ue="320" us="317" />
			<bf gi="224" ue="322" us="321" />
			<bf gi="275" ue="324" us="323" />
			<bf gi="443" ue="326" us="325" />
			<bf gi="277" ue="328" us="327" />
			<bf gi="396" ue="329" us="329" />
			<bf gi="445" ue="335" us="330" />
			<bf gi="279" ue="337" us="336" />
			<bf gi="175" ue="339" us="338" />
			<bf gi="281" ue="341" us="340" />
			<bf gi="451" ue="343" us="342" />
			<bf gi="283" ue="347" us="344" />
			<bf gi="453" ue="349" us="348" />
			<bf gi="249" ue="351" us="350" />
			<bf gi="226" ue="353" us="352" />
			<bf gi="287" ue="357" us="354" />
			<bf gi="455" ue="365" us="358" />
			<bf gi="291" ue="369" us="366" />
			<bf gi="463" ue="375" us="370" />
			<bf gi="186" ue="376" us="376" />
			<bf gi="295" ue="380" us="377" />
			<bf gi="228" ue="382" us="381" />
			<bf gi="469" ue="383" us="383" />
			<bf gi="1316" ue="399" us="399" />
			<bf gi="166" ue="402" us="402" />
			<bf gi="1130" ue="417" us="416" />
			<bf gi="1132" ue="432" us="431" />
			<bf gi="1276" ue="476" us="461" />
			<bf gi="470" ue="511" us="506" />
			<bf gi="1317" ue="601" us="601" />
			<bf gi="214" ue="710" us="710" />
			<bf gi="223" ue="711" us="711" />
			<bf gi="216" ue="713" us="713" />
			<bf gi="217" ue="730" us="728" />
			<bf gi="222" ue="731" us="731" />
			<bf gi="215" ue="732" us="732" />
			<bf gi="221" ue="733" us="733" />
			<bf gi="1170" ue="769" us="768" />
			<bf gi="1146" ue="771" us="771" />
			<bf gi="1140" ue="777" us="777" />
			<bf gi="1173" ue="803" us="803" />
			<bf gi="30" ue="894" us="894" />
			<bf gi="495" ue="902" us="900" />
			<bf gi="476" ue="903" us="903" />
			<bf gi="498" ue="906" us="904" />
			<bf gi="501" ue="908" us="908" />
			<bf gi="502" ue="914" us="910" />
			<bf gi="299" ue="915" us="915" />
			<bf gi="507" ue="919" us="916" />
			<bf gi="300" ue="920" us="920" />
			<bf gi="511" ue="929" us="921" />
			<bf gi="520" ue="933" us="931" />
			<bf gi="301" ue="934" us="934" />
			<bf gi="523" ue="944" us="935" />
			<bf gi="302" ue="945" us="945" />
			<bf gi="533" ue="947" us="946" />
			<bf gi="303" ue="949" us="948" />
			<bf gi="535" ue="959" us="950" />
			<bf gi="652" ue="960" us="960" />
			<bf gi="545" ue="962" us="961" />
			<bf gi="305" ue="964" us="963" />
			<bf gi="547" ue="965" us="965" />
			<bf gi="307" ue="966" us="966" />
			<bf gi="548" ue="974" us="967" />
			<bf gi="556" ue="1036" us="1025" />
			<bf gi="568" ue="1103" us="1038" />
			<bf gi="634" ue="1116" us="1105" />
			<bf gi="646" ue="1119" us="1118" />
			<bf gi="648" ue="1169" us="1168" />
			<bf gi="1296" ue="1171" us="1170" />
			<bf gi="1298" ue="1175" us="1174" />
			<bf gi="1300" ue="1181" us="1178" />
			<bf gi="1304" ue="1187" us="1186" />
			<bf gi="1306" ue="1203" us="1198" />
			<bf gi="1312" ue="1211" us="1208" />
			<bf gi="1316" ue="1241" us="1240" />
			<bf gi="1318" ue="1257" us="1256" />
			<bf gi="653" ue="1465" us="1456" />
			<bf gi="662" ue="1475" us="1466" />
			<bf gi="672" ue="1514" us="1488" />
			<bf gi="699" ue="1524" us="1520" />
			<bf gi="748" ue="1548" us="1548" />
			<bf gi="749" ue="1563" us="1563" />
			<bf gi="750" ue="1567" us="1567" />
			<bf gi="751" ue="1569" us="1569" />
			<bf gi="897" ue="1570" us="1570" />
			<bf gi="899" ue="1571" us="1571" />
			<bf gi="901" ue="1572" us="1572" />
			<bf gi="903" ue="1573" us="1573" />
			<bf gi="905" ue="1574" us="1574" />
			<bf gi="909" ue="1575" us="1575" />
			<bf gi="911" ue="1576" us="1576" />
			<bf gi="915" ue="1577" us="1577" />
			<bf gi="917" ue="1578" us="1578" />
			<bf gi="921" ue="1579" us="1579" />
			<bf gi="925" ue="1580" us="1580" />
			<bf gi="929" ue="1581" us="1581" />
			<bf gi="933" ue="1582" us="1582" />
			<bf gi="937" ue="1583" us="1583" />
			<bf gi="939" ue="1584" us="1584" />
			<bf gi="941" ue="1585" us="1585" />
			<bf gi="943" ue="1586" us="1586" />
			<bf gi="945" ue="1587" us="1587" />
			<bf gi="949" ue="1588" us="1588" />
			<bf gi="953" ue="1589" us="1589" />
			<bf gi="957" ue="1590" us="1590" />
			<bf gi="961" ue="1591" us="1591" />
			<bf gi="965" ue="1592" us="1592" />
			<bf gi="969" ue="1593" us="1593" />
			<bf gi="973" ue="1594" us="1594" />
			<bf gi="752" ue="1600" us="1600" />
			<bf gi="977" ue="1601" us="1601" />
			<bf gi="981" ue="1602" us="1602" />
			<bf gi="985" ue="1603" us="1603" />
			<bf gi="989" ue="1604" us="1604" />
			<bf gi="993" ue="1605" us="1605" />
			<bf gi="997" ue="1606" us="1606" />
			<bf gi="1001" ue="1607" us="1607" />
			<bf gi="1005" ue="1608" us="1608" />
			<bf gi="1007" ue="1609" us="1609" />
			<bf gi="1009" ue="1610" us="1610" />
			<bf gi="753" ue="1618" us="1611" />
			<bf gi="1336" ue="1621" us="1619" />
			<bf gi="761" ue="1643" us="1632" />
			<bf gi="748" ue="1644" us="1644" />
			<bf gi="773" ue="1645" us="1645" />
			<bf gi="1320" ue="1646" us="1646" />
			<bf gi="1324" ue="1647" us="1647" />
			<bf gi="1339" ue="1649" us="1648" />
			<bf gi="1342" ue="1650" us="1650" />
			<bf gi="1344" ue="1651" us="1651" />
			<bf gi="1337" ue="1652" us="1652" />
			<bf gi="1346" ue="1653" us="1653" />
			<bf gi="1348" ue="1654" us="1654" />
			<bf gi="1350" ue="1655" us="1655" />
			<bf gi="1352" ue="1656" us="1656" />
			<bf gi="1354" ue="1657" us="1657" />
			<bf gi="1358" ue="1658" us="1658" />
			<bf gi="1362" ue="1659" us="1659" />
			<bf gi="1366" ue="1660" us="1660" />
			<bf gi="1370" ue="1661" us="1661" />
			<bf gi="799" ue="1662" us="1662" />
			<bf gi="1374" ue="1663" us="1663" />
			<bf gi="1378" ue="1664" us="1664" />
			<bf gi="1382" ue="1665" us="1665" />
			<bf gi="1386" ue="1666" us="1666" />
			<bf gi="1390" ue="1667" us="1667" />
			<bf gi="1394" ue="1668" us="1668" />
			<bf gi="1398" ue="1669" us="1669" />
			<bf gi="807" ue="1670" us="1670" />
			<bf gi="1402" ue="1671" us="1671" />
			<bf gi="1406" ue="1672" us="1672" />
			<bf gi="1408" ue="1673" us="1673" />
			<bf gi="1410" ue="1674" us="1674" />
			<bf gi="1412" ue="1675" us="1675" />
			<bf gi="1414" ue="1676" us="1676" />
			<bf gi="1416" ue="1677" us="1677" />
			<bf gi="1418" ue="1678" us="1678" />
			<bf gi="1420" ue="1679" us="1679" />
			<bf gi="1422" ue="1680" us="1680" />
			<bf gi="1424" ue="1681" us="1681" />
			<bf gi="1426" ue="1682" us="1682" />
			<bf gi="1428" ue="1683" us="1683" />
			<bf gi="1430" ue="1684" us="1684" />
			<bf gi="1432" ue="1685" us="1685" />
			<bf gi="1434" ue="1686" us="1686" />
			<bf gi="1436" ue="1687" us="1687" />
			<bf gi="811" ue="1688" us="1688" />
			<bf gi="1438" ue="1689" us="1689" />
			<bf gi="1440" ue="1690" us="1690" />
			<bf gi="1444" ue="1691" us="1691" />
			<bf gi="1448" ue="1692" us="1692" />
			<bf gi="1452" ue="1693" us="1693" />
			<bf gi="1456" ue="1694" us="1694" />
			<bf gi="1460" ue="1695" us="1695" />
			<bf gi="1462" ue="1696" us="1696" />
			<bf gi="1466" ue="1698" us="1697" />
			<bf gi="1471" ue="1699" us="1699" />
			<bf gi="1475" ue="1700" us="1700" />
			<bf gi="1479" ue="1701" us="1701" />
			<bf gi="1483" ue="1702" us="1702" />
			<bf gi="1487" ue="1703" us="1703" />
			<bf gi="1489" ue="1704" us="1704" />
			<bf gi="813" ue="1705" us="1705" />
			<bf gi="1491" ue="1706" us="1706" />
			<bf gi="1495" ue="1707" us="1707" />
			<bf gi="1499" ue="1708" us="1708" />
			<bf gi="1503" ue="1709" us="1709" />
			<bf gi="1507" ue="1710" us="1710" />
			<bf gi="817" ue="1711" us="1711" />
			<bf gi="1511" ue="1712" us="1712" />
			<bf gi="1515" ue="1713" us="1713" />
			<bf gi="1519" ue="1714" us="1714" />
			<bf gi="1523" ue="1715" us="1715" />
			<bf gi="1527" ue="1716" us="1716" />
			<bf gi="1531" ue="1717" us="1717" />
			<bf gi="1535" ue="1718" us="1718" />
			<bf gi="1539" ue="1719" us="1719" />
			<bf gi="1543" ue="1720" us="1720" />
			<bf gi="1547" ue="1721" us="1721" />
			<bf gi="1551" ue="1722" us="1722" />
			<bf gi="1553" ue="1723" us="1723" />
			<bf gi="1555" ue="1724" us="1724" />
			<bf gi="1559" ue="1725" us="1725" />
			<bf gi="1003" ue="1726" us="1726" />
			<bf gi="1561" ue="1727" us="1727" />
			<bf gi="1565" ue="1728" us="1728" />
			<bf gi="1567" ue="1732" us="1729" />
			<bf gi="1572" ue="1733" us="1733" />
			<bf gi="1574" ue="1734" us="1734" />
			<bf gi="1576" ue="1735" us="1735" />
			<bf gi="1578" ue="1736" us="1736" />
			<bf gi="1580" ue="1737" us="1737" />
			<bf gi="1582" ue="1738" us="1738" />
			<bf gi="1584" ue="1739" us="1739" />
			<bf gi="821" ue="1740" us="1740" />
			<bf gi="1586" ue="1741" us="1741" />
			<bf gi="1588" ue="1742" us="1742" />
			<bf gi="1592" ue="1743" us="1743" />
			<bf gi="1594" ue="1744" us="1744" />
			<bf gi="1598" ue="1745" us="1745" />
			<bf gi="1600" ue="1746" us="1746" />
			<bf gi="1602" ue="1747" us="1747" />
			<bf gi="1604" ue="1748" us="1748" />
			<bf gi="776" ue="1749" us="1749" />
			<bf gi="1605" ue="1771" us="1750" />
			<bf gi="1614" ue="1772" us="1772" />
			<bf gi="1627" ue="1773" us="1773" />
			<bf gi="761" ue="1779" us="1776" />
			<bf gi="778" ue="1782" us="1780" />
			<bf gi="768" ue="1785" us="1783" />
			<bf gi="1628" ue="1786" us="1786" />
			<bf gi="1632" ue="1787" us="1787" />
			<bf gi="1636" ue="1788" us="1788" />
			<bf gi="1640" ue="1790" us="1789" />
			<bf gi="477" ue="7813" us="7808" />
			<bf gi="1188" ue="7921" us="7840" />
			<bf gi="483" ue="7923" us="7922" />
			<bf gi="1270" ue="7929" us="7924" />
			<bf gi="744" ue="8207" us="8204" />
			<bf gi="177" ue="8212" us="8211" />
			<bf gi="650" ue="8213" us="8213" />
			<bf gi="308" ue="8215" us="8215" />
			<bf gi="181" ue="8217" us="8216" />
			<bf gi="195" ue="8218" us="8218" />
			<bf gi="485" ue="8219" us="8219" />
			<bf gi="179" ue="8221" us="8220" />
			<bf gi="196" ue="8222" us="8222" />
			<bf gi="130" ue="8224" us="8224" />
			<bf gi="193" ue="8225" us="8225" />
			<bf gi="135" ue="8226" us="8226" />
			<bf gi="171" ue="8230" us="8230" />
			<bf gi="846" ue="8235" us="8234" />
			<bf gi="850" ue="8236" us="8236" />
			<bf gi="848" ue="8238" us="8237" />
			<bf gi="197" ue="8240" us="8240" />
			<bf gi="397" ue="8243" us="8242" />
			<bf gi="189" ue="8250" us="8249" />
			<bf gi="309" ue="8252" us="8252" />
			<bf gi="486" ue="8254" us="8254" />
			<bf gi="187" ue="8260" us="8260" />
			<bf gi="853" ue="8301" us="8298" />
			<bf gi="851" ue="8303" us="8302" />
			<bf gi="310" ue="8319" us="8319" />
			<bf gi="245" ue="8355" us="8355" />
			<bf gi="487" ue="8356" us="8356" />
			<bf gi="311" ue="8359" us="8359" />
			<bf gi="704" ue="8362" us="8362" />
			<bf gi="1150" ue="8363" us="8363" />
			<bf gi="188" ue="8364" us="8364" />
			<bf gi="399" ue="8453" us="8453" />
			<bf gi="400" ue="8467" us="8467" />
			<bf gi="651" ue="8470" us="8470" />
			<bf gi="140" ue="8482" us="8482" />
			<bf gi="159" ue="8486" us="8486" />
			<bf gi="488" ue="8494" us="8494" />
			<bf gi="1151" ue="8532" us="8531" />
			<bf gi="489" ue="8542" us="8539" />
			<bf gi="312" ue="8597" us="8592" />
			<bf gi="318" ue="8616" us="8616" />
			<bf gi="152" ue="8706" us="8706" />
			<bf gi="168" ue="8710" us="8710" />
			<bf gi="154" ue="8719" us="8719" />
			<bf gi="153" ue="8721" us="8721" />
			<bf gi="237" ue="8722" us="8722" />
			<bf gi="187" ue="8725" us="8725" />
			<bf gi="194" ue="8729" us="8729" />
			<bf gi="165" ue="8730" us="8730" />
			<bf gi="146" ue="8734" us="8734" />
			<bf gi="319" ue="8735" us="8735" />
			<bf gi="320" ue="8745" us="8745" />
			<bf gi="156" ue="8747" us="8747" />
			<bf gi="167" ue="8776" us="8776" />
			<bf gi="143" ue="8800" us="8800" />
			<bf gi="321" ue="8801" us="8801" />
			<bf gi="148" ue="8805" us="8804" />
			<bf gi="322" ue="8962" us="8962" />
			<bf gi="323" ue="8976" us="8976" />
			<bf gi="324" ue="8993" us="8992" />
			<bf gi="326" ue="9472" us="9472" />
			<bf gi="327" ue="9474" us="9474" />
			<bf gi="328" ue="9484" us="9484" />
			<bf gi="329" ue="9488" us="9488" />
			<bf gi="330" ue="9492" us="9492" />
			<bf gi="331" ue="9496" us="9496" />
			<bf gi="332" ue="9500" us="9500" />
			<bf gi="333" ue="9508" us="9508" />
			<bf gi="334" ue="9516" us="9516" />
			<bf gi="335" ue="9524" us="9524" />
			<bf gi="336" ue="9532" us="9532" />
			<bf gi="337" ue="9580" us="9552" />
			<bf gi="366" ue="9600" us="9600" />
			<bf gi="367" ue="9604" us="9604" />
			<bf gi="368" ue="9608" us="9608" />
			<bf gi="369" ue="9612" us="9612" />
			<bf gi="370" ue="9619" us="9616" />
			<bf gi="374" ue="9632" us="9632" />
			<bf gi="401" ue="9633" us="9633" />
			<bf gi="402" ue="9643" us="9642" />
			<bf gi="375" ue="9644" us="9644" />
			<bf gi="376" ue="9650" us="9650" />
			<bf gi="377" ue="9658" us="9658" />
			<bf gi="378" ue="9660" us="9660" />
			<bf gi="379" ue="9668" us="9668" />
			<bf gi="184" ue="9674" us="9674" />
			<bf gi="380" ue="9675" us="9675" />
			<bf gi="404" ue="9679" us="9679" />
			<bf gi="381" ue="9689" us="9688" />
			<bf gi="405" ue="9702" us="9702" />
			<bf gi="383" ue="9788" us="9786" />
			<bf gi="386" ue="9792" us="9792" />
			<bf gi="387" ue="9794" us="9794" />
			<bf gi="388" ue="9824" us="9824" />
			<bf gi="389" ue="9827" us="9827" />
			<bf gi="390" ue="9830" us="9829" />
			<bf gi="392" ue="9835" us="9834" />
			<bf gi="705" ue="59397" us="59393" />
			<bf gi="786" ue="59416" us="59416" />
			<bf gi="795" ue="59450" us="59450" />
			<bf gi="191" ue="61442" us="61441" />
			<bf gi="493" ue="61445" us="61444" />
			<bf gi="1137" ue="61447" us="61446" />
			<bf gi="1153" ue="61448" us="61448" />
			<bf gi="1139" ue="61449" us="61449" />
			<bf gi="857" ue="61454" us="61450" />
			<bf gi="1156" ue="61455" us="61455" />
			<bf gi="1141" ue="61456" us="61456" />
			<bf gi="1143" ue="61457" us="61457" />
			<bf gi="1157" ue="61458" us="61458" />
			<bf gi="1142" ue="61459" us="61459" />
			<bf gi="1158" ue="61460" us="61460" />
			<bf gi="1145" ue="61461" us="61461" />
			<bf gi="1159" ue="61467" us="61462" />
			<bf gi="1144" ue="61468" us="61468" />
			<bf gi="1172" ue="61469" us="61469" />
			<bf gi="1165" ue="61474" us="61470" />
			<bf gi="1174" ue="61475" us="61475" />
			<bf gi="1178" ue="61480" us="61476" />
			<bf gi="1175" ue="61483" us="61481" />
			<bf gi="1149" ue="61484" us="61484" />
			<bf gi="1183" ue="61489" us="61485" />
			<bf gi="191" ue="64258" us="64257" />
			<bf gi="1652" ue="64286" us="64285" />
			<bf gi="1655" ue="64287" us="64287" />
			<bf gi="710" ue="64288" us="64288" />
			<bf gi="711" ue="64310" us="64298" />
			<bf gi="724" ue="64316" us="64312" />
			<bf gi="729" ue="64318" us="64318" />
			<bf gi="730" ue="64321" us="64320" />
			<bf gi="732" ue="64324" us="64323" />
			<bf gi="734" ue="64335" us="64326" />
			<bf gi="1340" ue="64337" us="64336" />
			<bf gi="1362" ue="64341" us="64338" />
			<bf gi="799" ue="64345" us="64342" />
			<bf gi="1378" ue="64349" us="64346" />
			<bf gi="1358" ue="64353" us="64350" />
			<bf gi="1374" ue="64357" us="64354" />
			<bf gi="1354" ue="64361" us="64358" />
			<bf gi="1475" ue="64365" us="64362" />
			<bf gi="1483" ue="64369" us="64366" />
			<bf gi="1394" ue="64373" us="64370" />
			<bf gi="1390" ue="64377" us="64374" />
			<bf gi="807" ue="64381" us="64378" />
			<bf gi="1402" ue="64385" us="64382" />
			<bf gi="1416" ue="64387" us="64386" />
			<bf gi="1414" ue="64389" us="64388" />
			<bf gi="1418" ue="64391" us="64390" />
			<bf gi="1406" ue="64393" us="64392" />
			<bf gi="811" ue="64395" us="64394" />
			<bf gi="1424" ue="64397" us="64396" />
			<bf gi="813" ue="64405" us="64398" />
			<bf gi="1523" ue="64409" us="64406" />
			<bf gi="1515" ue="64413" us="64410" />
			<bf gi="1551" ue="64417" us="64414" />
			<bf gi="1356" ue="64419" us="64418" />
			<bf gi="1565" ue="64421" us="64420" />
			<bf gi="1642" ue="64422" us="64422" />
			<bf gi="1567" ue="64423" us="64423" />
			<bf gi="1643" ue="64425" us="64424" />
			<bf gi="1003" ue="64426" us="64426" />
			<bf gi="1002" ue="64429" us="64427" />
			<bf gi="1600" ue="64433" us="64430" />
			<bf gi="1503" ue="64470" us="64467" />
			<bf gi="1576" ue="64472" us="64471" />
			<bf gi="1574" ue="64474" us="64473" />
			<bf gi="1578" ue="64476" us="64475" />
			<bf gi="1350" ue="64477" us="64477" />
			<bf gi="1584" ue="64479" us="64478" />
			<bf gi="1572" ue="64481" us="64480" />
			<bf gi="1580" ue="64483" us="64482" />
			<bf gi="1594" ue="64487" us="64484" />
			<bf gi="821" ue="64509" us="64508" />
			<bf gi="1011" ue="64511" us="64510" />
			<bf gi="839" ue="64610" us="64606" />
			<bf gi="892" ue="64831" us="64830" />
			<bf gi="895" ue="65010" us="65010" />
			<bf gi="896" ue="65276" us="65152" />
			<bf gi="863" ue="65532" us="65532" />
			<bf gi="0" ue="65535" us="65535" />
		</bfranges>
		<cid-widths start-index="0">
			<wx w="750" />
			<wx w="0" />
			<wx w="277" />
			<wx w="277" />
			<wx w="277" />
			<wx w="354" />
			<wx w="556" />
			<wx w="556" />
			<wx w="889" />
			<wx w="666" />
			<wx w="190" />
			<wx w="333" />
			<wx w="333" />
			<wx w="389" />
			<wx w="583" />
			<wx w="277" />
			<wx w="333" />
			<wx w="277" />
			<wx w="277" />
			<wx w="556" />
			<wx w="556" />
			<wx w="556" />
			<wx w="556" />
			<wx w="556" />
			<wx w="556" />
			<wx w="556" />
			<wx w="556" />
			<wx w="556" />
			<wx w="556" />
			<wx w="277" />
			<wx w="277" />
			<wx w="583" />
			<wx w="583" />
			<wx w="583" />
			<wx w="556" />
			<wx w="1015" />
			<wx w="666" />
			<wx w="666" />
			<wx w="722" />
			<wx w="722" />
			<wx w="666" />
			<wx w="610" />
			<wx w="777" />
			<wx w="722" />
			<wx w="277" />
			<wx w="500" />
			<wx w="666" />
			<wx w="556" />
			<wx w="833" />
			<wx w="722" />
			<wx w="777" />
			<wx w="666" />
			<wx w="777" />
			<wx w="722" />
			<wx w="666" />
			<wx w="610" />
			<wx w="722" />
			<wx w="666" />
			<wx w="943" />
			<wx w="666" />
			<wx w="666" />
			<wx w="610" />
			<wx w="277" />
			<wx w="277" />
			<wx w="277" />
			<wx w="469" />
			<wx w="556" />
			<wx w="333" />
			<wx w="556" />
			<wx w="556" />
			<wx w="500" />
			<wx w="556" />
			<wx w="556" />
			<wx w="277" />
			<wx w="556" />
			<wx w="556" />
			<wx w="222" />
			<wx w="222" />
			<wx w="500" />
			<wx w="222" />
			<wx w="833" />
			<wx w="556" />
			<wx w="556" />
			<wx w="556" />
			<wx w="556" />
			<wx w="333" />
			<wx w="500" />
			<wx w="277" />
			<wx w="556" />
			<wx w="500" />
			<wx w="722" />
			<wx w="500" />
			<wx w="500" />
			<wx w="500" />
			<wx w="333" />
			<wx w="259" />
			<wx w="333" />
			<wx w="583" />
			<wx w="666" />
			<wx w="666" />
			<wx w="722" />
			<wx w="666" />
			<wx w="722" />
			<wx w="777" />
			<wx w="722" />
			<wx w="556" />
			<wx w="556" />
			<wx w="556" />
			<wx w="556" />
			<wx w="556" />
			<wx w="556" />
			<wx w="500" />
			<wx w="556" />
			<wx w="556" />
			<wx w="556" />
			<wx w="556" />
			<wx w="277" />
			<wx w="277" />
			<wx w="277" />
			<wx w="277" />
			<wx w="556" />
			<wx w="556" />
			<wx w="556" />
			<wx w="556" />
			<wx w="556" />
			<wx w="556" />
			<wx w="556" />
			<wx w="556" />
			<wx w="556" />
			<wx w="556" />
			<wx w="556" />
			<wx w="399" />
			<wx w="556" />
			<wx w="556" />
			<wx w="556" />
			<wx w="350" />
			<wx w="537" />
			<wx w="610" />
			<wx w="736" />
			<wx w="736" />
			<wx w="1000" />
			<wx w="333" />
			<wx w="333" />
			<wx w="548" />
			<wx w="1000" />
			<wx w="777" />
			<wx w="712" />
			<wx w="548" />
			<wx w="548" />
			<wx w="548" />
			<wx w="556" />
			<wx w="576" />
			<wx w="494" />
			<wx w="712" />
			<wx w="823" />
			<wx w="548" />
			<wx w="273" />
			<wx w="370" />
			<wx w="365" />
			<wx w="768" />
			<wx w="889" />
			<wx w="610" />
			<wx w="610" />
			<wx w="333" />
			<wx w="583" />
			<wx w="548" />
			<wx w="556" />
			<wx w="548" />
			<wx w="611" />
			<wx w="556" />
			<wx w="556" />
			<wx w="1000" />
			<wx w="666" />
			<wx w="666" />
			<wx w="777" />
			<wx w="1000" />
			<wx w="943" />
			<wx w="556" />
			<wx w="1000" />
			<wx w="333" />
			<wx w="333" />
			<wx w="222" />
			<wx w="222" />
			<wx w="548" />
			<wx w="494" />
			<wx w="500" />
			<wx w="666" />
			<wx w="166" />
			<wx w="556" />
			<wx w="333" />
			<wx w="333" />
			<wx w="500" />
			<wx w="500" />
			<wx w="556" />
			<wx w="277" />
			<wx w="222" />
			<wx w="333" />
			<wx w="1000" />
			<wx w="666" />
			<wx w="666" />
			<wx w="666" />
			<wx w="666" />
			<wx w="666" />
			<wx w="277" />
			<wx w="277" />
			<wx w="277" />
			<wx w="277" />
			<wx w="777" />
			<wx w="777" />
			<wx w="777" />
			<wx w="722" />
			<wx w="722" />
			<wx w="722" />
			<wx w="277" />
			<wx w="333" />
			<wx w="333" />
			<wx w="333" />
			<wx w="333" />
			<wx w="333" />
			<wx w="333" />
			<wx w="333" />
			<wx w="333" />
			<wx w="333" />
			<wx w="333" />
			<wx w="556" />
			<wx w="222" />
			<wx w="666" />
			<wx w="500" />
			<wx w="610" />
			<wx w="500" />
			<wx w="259" />
			<wx w="722" />
			<wx w="556" />
			<wx w="666" />
			<wx w="500" />
			<wx w="666" />
			<wx w="556" />
			<wx w="583" />
			<wx w="583" />
			<wx w="333" />
			<wx w="333" />
			<wx w="333" />
			<wx w="833" />
			<wx w="833" />
			<wx w="833" />
			<wx w="556" />
			<wx w="777" />
			<wx w="556" />
			<wx w="277" />
			<wx w="666" />
			<wx w="500" />
			<wx w="722" />
			<wx w="500" />
			<wx w="722" />
			<wx w="500" />
			<wx w="556" />
			<wx w="552" />
			<wx w="333" />
			<wx w="666" />
			<wx w="556" />
			<wx w="666" />
			<wx w="556" />
			<wx w="722" />
			<wx w="614" />
			<wx w="722" />
			<wx w="666" />
			<wx w="556" />
			<wx w="666" />
			<wx w="556" />
			<wx w="556" />
			<wx w="222" />
			<wx w="556" />
			<wx w="291" />
			<wx w="556" />
			<wx w="333" />
			<wx w="722" />
			<wx w="556" />
			<wx w="722" />
			<wx w="556" />
			<wx w="777" />
			<wx w="556" />
			<wx w="722" />
			<wx w="333" />
			<wx w="722" />
			<wx w="333" />
			<wx w="666" />
			<wx w="500" />
			<wx w="610" />
			<wx w="277" />
			<wx w="610" />
			<wx w="375" />
			<wx w="722" />
			<wx w="556" />
			<wx w="722" />
			<wx w="556" />
			<wx w="610" />
			<wx w="500" />
			<wx w="610" />
			<wx w="500" />
			<wx w="550" />
			<wx w="777" />
			<wx w="797" />
			<wx w="578" />
			<wx w="556" />
			<wx w="445" />
			<wx w="617" />
			<wx w="395" />
			<wx w="648" />
			<wx w="552" />
			<wx w="500" />
			<wx w="364" />
			<wx w="1093" />
			<wx w="1000" />
			<wx w="500" />
			<wx w="1000" />
			<wx w="500" />
			<wx w="1000" />
			<wx w="500" />
			<wx w="500" />
			<wx w="979" />
			<wx w="718" />
			<wx w="583" />
			<wx w="604" />
			<wx w="583" />
			<wx w="604" />
			<wx w="604" />
			<wx w="708" />
			<wx w="625" />
			<wx w="708" />
			<wx w="708" />
			<wx w="708" />
			<wx w="708" />
			<wx w="708" />
			<wx w="708" />
			<wx w="708" />
			<wx w="708" />
			<wx w="708" />
			<wx w="708" />
			<wx w="708" />
			<wx w="708" />
			<wx w="708" />
			<wx w="708" />
			<wx w="708" />
			<wx w="708" />
			<wx w="708" />
			<wx w="708" />
			<wx w="708" />
			<wx w="708" />
			<wx w="708" />
			<wx w="708" />
			<wx w="708" />
			<wx w="708" />
			<wx w="708" />
			<wx w="708" />
			<wx w="708" />
			<wx w="708" />
			<wx w="708" />
			<wx w="708" />
			<wx w="708" />
			<wx w="708" />
			<wx w="708" />
			<wx w="708" />
			<wx w="708" />
			<wx w="708" />
			<wx w="708" />
			<wx w="708" />
			<wx w="708" />
			<wx w="708" />
			<wx w="708" />
			<wx w="708" />
			<wx w="708" />
			<wx w="708" />
			<wx w="708" />
			<wx w="729" />
			<wx w="604" />
			<wx w="1000" />
			<wx w="989" />
			<wx w="989" />
			<wx w="989" />
			<wx w="989" />
			<wx w="604" />
			<wx w="604" />
			<wx w="604" />
			<wx w="1020" />
			<wx w="1052" />
			<wx w="916" />
			<wx w="750" />
			<wx w="750" />
			<wx w="531" />
			<wx w="656" />
			<wx w="593" />
			<wx w="510" />
			<wx w="500" />
			<wx w="750" />
			<wx w="734" />
			<wx w="443" />
			<wx w="604" />
			<wx w="187" />
			<wx w="354" />
			<wx w="885" />
			<wx w="323" />
			<wx w="604" />
			<wx w="354" />
			<wx w="354" />
			<wx w="604" />
			<wx w="354" />
			<wx w="666" />
			<wx w="556" />
			<wx w="722" />
			<wx w="500" />
			<wx w="722" />
			<wx w="500" />
			<wx w="666" />
			<wx w="556" />
			<wx w="666" />
			<wx w="556" />
			<wx w="666" />
			<wx w="556" />
			<wx w="777" />
			<wx w="556" />
			<wx w="777" />
			<wx w="556" />
			<wx w="777" />
			<wx w="556" />
			<wx w="722" />
			<wx w="556" />
			<wx w="722" />
			<wx w="556" />
			<wx w="277" />
			<wx w="277" />
			<wx w="277" />
			<wx w="277" />
			<wx w="277" />
			<wx w="277" />
			<wx w="277" />
			<wx w="222" />
			<wx w="500" />
			<wx w="222" />
			<wx w="666" />
			<wx w="500" />
			<wx w="500" />
			<wx w="556" />
			<wx w="222" />
			<wx w="722" />
			<wx w="556" />
			<wx w="723" />
			<wx w="556" />
			<wx w="777" />
			<wx w="556" />
			<wx w="777" />
			<wx w="556" />
			<wx w="722" />
			<wx w="333" />
			<wx w="666" />
			<wx w="500" />
			<wx w="610" />
			<wx w="277" />
			<wx w="722" />
			<wx w="556" />
			<wx w="722" />
			<wx w="556" />
			<wx w="722" />
			<wx w="556" />
			<wx w="722" />
			<wx w="556" />
			<wx w="943" />
			<wx w="722" />
			<wx w="666" />
			<wx w="500" />
			<wx w="222" />
			<wx w="666" />
			<wx w="556" />
			<wx w="1000" />
			<wx w="889" />
			<wx w="777" />
			<wx w="610" />
			<wx w="277" />
			<wx w="943" />
			<wx w="722" />
			<wx w="943" />
			<wx w="722" />
			<wx w="943" />
			<wx w="722" />
			<wx w="666" />
			<wx w="500" />
			<wx w="222" />
			<wx w="333" />
			<wx w="556" />
			<wx w="600" />
			<wx w="833" />
			<wx w="833" />
			<wx w="833" />
			<wx w="833" />
			<wx w="333" />
			<wx w="333" />
			<wx w="333" />
			<wx w="333" />
			<wx w="667" />
			<wx w="784" />
			<wx w="837" />
			<wx w="383" />
			<wx w="774" />
			<wx w="855" />
			<wx w="752" />
			<wx w="222" />
			<wx w="666" />
			<wx w="666" />
			<wx w="667" />
			<wx w="666" />
			<wx w="610" />
			<wx w="722" />
			<wx w="277" />
			<wx w="666" />
			<wx w="667" />
			<wx w="833" />
			<wx w="722" />
			<wx w="649" />
			<wx w="777" />
			<wx w="722" />
			<wx w="666" />
			<wx w="618" />
			<wx w="610" />
			<wx w="666" />
			<wx w="666" />
			<wx w="835" />
			<wx w="747" />
			<wx w="277" />
			<wx w="666" />
			<wx w="578" />
			<wx w="445" />
			<wx w="556" />
			<wx w="222" />
			<wx w="546" />
			<wx w="575" />
			<wx w="500" />
			<wx w="440" />
			<wx w="556" />
			<wx w="556" />
			<wx w="222" />
			<wx w="500" />
			<wx w="500" />
			<wx w="576" />
			<wx w="500" />
			<wx w="447" />
			<wx w="556" />
			<wx w="568" />
			<wx w="481" />
			<wx w="546" />
			<wx w="524" />
			<wx w="712" />
			<wx w="780" />
			<wx w="222" />
			<wx w="546" />
			<wx w="556" />
			<wx w="546" />
			<wx w="780" />
			<wx w="667" />
			<wx w="864" />
			<wx w="541" />
			<wx w="718" />
			<wx w="666" />
			<wx w="277" />
			<wx w="277" />
			<wx w="500" />
			<wx w="1057" />
			<wx w="1010" />
			<wx w="854" />
			<wx w="582" />
			<wx w="635" />
			<wx w="718" />
			<wx w="666" />
			<wx w="656" />
			<wx w="666" />
			<wx w="541" />
			<wx w="677" />
			<wx w="666" />
			<wx w="923" />
			<wx w="604" />
			<wx w="718" />
			<wx w="718" />
			<wx w="582" />
			<wx w="656" />
			<wx w="833" />
			<wx w="722" />
			<wx w="777" />
			<wx w="718" />
			<wx w="666" />
			<wx w="722" />
			<wx w="610" />
			<wx w="635" />
			<wx w="760" />
			<wx w="666" />
			<wx w="739" />
			<wx w="666" />
			<wx w="916" />
			<wx w="937" />
			<wx w="791" />
			<wx w="885" />
			<wx w="656" />
			<wx w="718" />
			<wx w="1010" />
			<wx w="722" />
			<wx w="556" />
			<wx w="572" />
			<wx w="531" />
			<wx w="364" />
			<wx w="583" />
			<wx w="556" />
			<wx w="668" />
			<wx w="458" />
			<wx w="558" />
			<wx w="558" />
			<wx w="437" />
			<wx w="583" />
			<wx w="687" />
			<wx w="552" />
			<wx w="556" />
			<wx w="541" />
			<wx w="556" />
			<wx w="500" />
			<wx w="458" />
			<wx w="500" />
			<wx w="822" />
			<wx w="500" />
			<wx w="572" />
			<wx w="520" />
			<wx w="802" />
			<wx w="822" />
			<wx w="625" />
			<wx w="718" />
			<wx w="520" />
			<wx w="510" />
			<wx w="750" />
			<wx w="541" />
			<wx w="556" />
			<wx w="556" />
			<wx w="364" />
			<wx w="510" />
			<wx w="500" />
			<wx w="222" />
			<wx w="277" />
			<wx w="222" />
			<wx w="906" />
			<wx w="812" />
			<wx w="556" />
			<wx w="437" />
			<wx w="500" />
			<wx w="552" />
			<wx w="488" />
			<wx w="411" />
			<wx w="1000" />
			<wx w="1072" />
			<wx w="689" />
			<wx w="333" />
			<wx w="333" />
			<wx w="333" />
			<wx w="333" />
			<wx w="333" />
			<wx w="333" />
			<wx w="333" />
			<wx w="333" />
			<wx w="333" />
			<wx w="333" />
			<wx w="333" />
			<wx w="333" />
			<wx w="333" />
			<wx w="382" />
			<wx w="333" />
			<wx w="274" />
			<wx w="333" />
			<wx w="333" />
			<wx w="277" />
			<wx w="562" />
			<wx w="541" />
			<wx w="398" />
			<wx w="508" />
			<wx w="602" />
			<wx w="246" />
			<wx w="382" />
			<wx w="598" />
			<wx w="589" />
			<wx w="246" />
			<wx w="509" />
			<wx w="460" />
			<wx w="462" />
			<wx w="598" />
			<wx w="601" />
			<wx w="246" />
			<wx w="352" />
			<wx w="574" />
			<wx w="529" />
			<wx w="566" />
			<wx w="546" />
			<wx w="461" />
			<wx w="478" />
			<wx w="549" />
			<wx w="509" />
			<wx w="694" />
			<wx w="642" />
			<wx w="493" />
			<wx w="493" />
			<wx w="493" />
			<wx w="235" />
			<wx w="416" />
			<wx w="815" />
			<wx w="246" />
			<wx w="509" />
			<wx w="509" />
			<wx w="462" />
			<wx w="462" />
			<wx w="535" />
			<wx w="694" />
			<wx w="694" />
			<wx w="694" />
			<wx w="694" />
			<wx w="562" />
			<wx w="562" />
			<wx w="562" />
			<wx w="541" />
			<wx w="398" />
			<wx w="508" />
			<wx w="602" />
			<wx w="286" />
			<wx w="411" />
			<wx w="589" />
			<wx w="286" />
			<wx w="509" />
			<wx w="460" />
			<wx w="462" />
			<wx w="601" />
			<wx w="352" />
			<wx w="574" />
			<wx w="566" />
			<wx w="546" />
			<wx w="478" />
			<wx w="549" />
			<wx w="509" />
			<wx w="694" />
			<wx w="642" />
			<wx w="246" />
			<wx w="541" />
			<wx w="460" />
			<wx w="546" />
			<wx w="575" />
			<wx w="0" />
			<wx w="0" />
			<wx w="0" />
			<wx w="0" />
			<wx w="318" />
			<wx w="318" />
			<wx w="356" />
			<wx w="412" />
			<wx w="207" />
			<wx w="201" />
			<wx w="236" />
			<wx w="201" />
			<wx w="201" />
			<wx w="209" />
			<wx w="201" />
			<wx w="211" />
			<wx w="164" />
			<wx w="525" />
			<wx w="525" />
			<wx w="525" />
			<wx w="525" />
			<wx w="525" />
			<wx w="525" />
			<wx w="525" />
			<wx w="525" />
			<wx w="525" />
			<wx w="525" />
			<wx w="525" />
			<wx w="318" />
			<wx w="525" />
			<wx w="750" />
			<wx w="750" />
			<wx w="282" />
			<wx w="750" />
			<wx w="525" />
			<wx w="525" />
			<wx w="525" />
			<wx w="750" />
			<wx w="750" />
			<wx w="750" />
			<wx w="750" />
			<wx w="750" />
			<wx w="211" />
			<wx w="750" />
			<wx w="750" />
			<wx w="750" />
			<wx w="750" />
			<wx w="750" />
			<wx w="750" />
			<wx w="750" />
			<wx w="750" />
			<wx w="638" />
			<wx w="750" />
			<wx w="750" />
			<wx w="750" />
			<wx w="713" />
			<wx w="713" />
			<wx w="244" />
			<wx w="244" />
			<wx w="750" />
			<wx w="750" />
			<wx w="750" />
			<wx w="750" />
			<wx w="562" />
			<wx w="525" />
			<wx w="529" />
			<wx w="529" />
			<wx w="488" />
			<wx w="488" />
			<wx w="812" />
			<wx w="932" />
			<wx w="394" />
			<wx w="514" />
			<wx w="812" />
			<wx w="932" />
			<wx w="394" />
			<wx w="514" />
			<wx w="638" />
			<wx w="588" />
			<wx w="750" />
			<wx w="750" />
			<wx w="750" />
			<wx w="750" />
			<wx w="750" />
			<wx w="750" />
			<wx w="750" />
			<wx w="750" />
			<wx w="750" />
			<wx w="750" />
			<wx w="750" />
			<wx w="750" />
			<wx w="750" />
			<wx w="750" />
			<wx w="750" />
			<wx w="750" />
			<wx w="226" />
			<wx w="211" />
			<wx w="211" />
			<wx w="211" />
			<wx w="211" />
			<wx w="750" />
			<wx w="750" />
			<wx w="0" />
			<wx w="0" />
			<wx w="0" />
			<wx w="0" />
			<wx w="0" />
			<wx w="0" />
			<wx w="0" />
			<wx w="0" />
			<wx w="0" />
			<wx w="0" />
			<wx w="0" />
			<wx w="0" />
			<wx w="0" />
			<wx w="0" />
			<wx w="0" />
			<wx w="0" />
			<wx w="556" />
			<wx w="1000" />
			<wx w="750" />
			<wx w="750" />
			<wx w="750" />
			<wx w="750" />
			<wx w="750" />
			<wx w="750" />
			<wx w="750" />
			<wx w="750" />
			<wx w="750" />
			<wx w="750" />
			<wx w="750" />
			<wx w="750" />
			<wx w="750" />
			<wx w="750" />
			<wx w="750" />
			<wx w="750" />
			<wx w="750" />
			<wx w="750" />
			<wx w="750" />
			<wx w="750" />
			<wx w="750" />
			<wx w="750" />
			<wx w="750" />
			<wx w="750" />
			<wx w="750" />
			<wx w="750" />
			<wx w="750" />
			<wx w="750" />
			<wx w="318" />
			<wx w="318" />
			<wx w="750" />
			<wx w="616" />
			<wx w="412" />
			<wx w="207" />
			<wx w="229" />
			<wx w="207" />
			<wx w="229" />
			<wx w="432" />
			<wx w="432" />
			<wx w="207" />
			<wx w="229" />
			<wx w="638" />
			<wx w="588" />
			<wx w="244" />
			<wx w="244" />
			<wx w="207" />
			<wx w="229" />
			<wx w="713" />
			<wx w="713" />
			<wx w="244" />
			<wx w="244" />
			<wx w="282" />
			<wx w="375" />
			<wx w="713" />
			<wx w="713" />
			<wx w="244" />
			<wx w="244" />
			<wx w="713" />
			<wx w="713" />
			<wx w="244" />
			<wx w="244" />
			<wx w="562" />
			<wx w="525" />
			<wx w="529" />
			<wx w="529" />
			<wx w="562" />
			<wx w="525" />
			<wx w="529" />
			<wx w="529" />
			<wx w="562" />
			<wx w="525" />
			<wx w="529" />
			<wx w="529" />
			<wx w="337" />
			<wx w="337" />
			<wx w="337" />
			<wx w="337" />
			<wx w="488" />
			<wx w="488" />
			<wx w="488" />
			<wx w="488" />
			<wx w="821" />
			<wx w="821" />
			<wx w="530" />
			<wx w="530" />
			<wx w="821" />
			<wx w="821" />
			<wx w="530" />
			<wx w="530" />
			<wx w="1098" />
			<wx w="1098" />
			<wx w="846" />
			<wx w="846" />
			<wx w="1098" />
			<wx w="1098" />
			<wx w="846" />
			<wx w="846" />
			<wx w="581" />
			<wx w="581" />
			<wx w="581" />
			<wx w="581" />
			<wx w="581" />
			<wx w="581" />
			<wx w="581" />
			<wx w="581" />
			<wx w="543" />
			<wx w="450" />
			<wx w="525" />
			<wx w="394" />
			<wx w="543" />
			<wx w="450" />
			<wx w="525" />
			<wx w="394" />
			<wx w="788" />
			<wx w="788" />
			<wx w="267" />
			<wx w="262" />
			<wx w="581" />
			<wx w="581" />
			<wx w="267" />
			<wx w="262" />
			<wx w="601" />
			<wx w="601" />
			<wx w="394" />
			<wx w="394" />
			<wx w="506" />
			<wx w="506" />
			<wx w="207" />
			<wx w="207" />
			<wx w="337" />
			<wx w="337" />
			<wx w="394" />
			<wx w="394" />
			<wx w="525" />
			<wx w="525" />
			<wx w="244" />
			<wx w="244" />
			<wx w="282" />
			<wx w="375" />
			<wx w="450" />
			<wx w="394" />
			<wx w="432" />
			<wx w="432" />
			<wx w="638" />
			<wx w="588" />
			<wx w="638" />
			<wx w="588" />
			<wx w="244" />
			<wx w="244" />
			<wx w="543" />
			<wx w="600" />
			<wx w="543" />
			<wx w="600" />
			<wx w="543" />
			<wx w="600" />
			<wx w="543" />
			<wx w="600" />
			<wx w="750" />
			<wx w="750" />
			<wx w="201" />
			<wx w="201" />
			<wx w="750" />
			<wx w="750" />
			<wx w="750" />
			<wx w="164" />
			<wx w="211" />
			<wx w="750" />
			<wx w="750" />
			<wx w="209" />
			<wx w="236" />
			<wx w="750" />
			<wx w="750" />
			<wx w="750" />
			<wx w="211" />
			<wx w="211" />
			<wx w="211" />
			<wx w="211" />
			<wx w="211" />
			<wx w="226" />
			<wx w="750" />
			<wx w="201" />
			<wx w="201" />
			<wx w="750" />
			<wx w="750" />
			<wx w="750" />
			<wx w="750" />
			<wx w="750" />
			<wx w="750" />
			<wx w="750" />
			<wx w="750" />
			<wx w="750" />
			<wx w="750" />
			<wx w="750" />
			<wx w="750" />
			<wx w="750" />
			<wx w="750" />
			<wx w="750" />
			<wx w="750" />
			<wx w="750" />
			<wx w="750" />
			<wx w="750" />
			<wx w="750" />
			<wx w="750" />
			<wx w="750" />
			<wx w="750" />
			<wx w="750" />
			<wx w="750" />
			<wx w="750" />
			<wx w="750" />
			<wx w="750" />
			<wx w="750" />
			<wx w="750" />
			<wx w="750" />
			<wx w="750" />
			<wx w="750" />
			<wx w="750" />
			<wx w="750" />
			<wx w="750" />
			<wx w="750" />
			<wx w="750" />
			<wx w="750" />
			<wx w="750" />
			<wx w="750" />
			<wx w="750" />
			<wx w="750" />
			<wx w="750" />
			<wx w="750" />
			<wx w="750" />
			<wx w="750" />
			<wx w="750" />
			<wx w="750" />
			<wx w="750" />
			<wx w="750" />
			<wx w="750" />
			<wx w="750" />
			<wx w="750" />
			<wx w="318" />
			<wx w="318" />
			<wx w="318" />
			<wx w="750" />
			<wx w="750" />
			<wx w="750" />
			<wx w="750" />
			<wx w="750" />
			<wx w="750" />
			<wx w="750" />
			<wx w="750" />
			<wx w="750" />
			<wx w="750" />
			<wx w="750" />
			<wx w="750" />
			<wx w="750" />
			<wx w="750" />
			<wx w="750" />
			<wx w="750" />
			<wx w="750" />
			<wx w="750" />
			<wx w="750" />
			<wx w="750" />
			<wx w="750" />
			<wx w="750" />
			<wx w="750" />
			<wx w="750" />
			<wx w="125" />
			<wx w="1000" />
			<wx w="2000" />
			<wx w="857" />
			<wx w="655" />
			<wx w="854" />
			<wx w="669" />
			<wx w="0" />
			<wx w="0" />
			<wx w="0" />
			<wx w="0" />
			<wx w="0" />
			<wx w="0" />
			<wx w="0" />
			<wx w="0" />
			<wx w="0" />
			<wx w="0" />
			<wx w="0" />
			<wx w="0" />
			<wx w="0" />
			<wx w="0" />
			<wx w="0" />
			<wx w="0" />
			<wx w="513" />
			<wx w="833" />
			<wx w="833" />
			<wx w="0" />
			<wx w="0" />
			<wx w="0" />
			<wx w="0" />
			<wx w="0" />
			<wx w="0" />
			<wx w="0" />
			<wx w="0" />
			<wx w="0" />
			<wx w="0" />
			<wx w="0" />
			<wx w="0" />
			<wx w="0" />
			<wx w="0" />
			<wx w="0" />
			<wx w="0" />
			<wx w="0" />
			<wx w="0" />
			<wx w="0" />
			<wx w="0" />
			<wx w="0" />
			<wx w="0" />
			<wx w="0" />
			<wx w="0" />
			<wx w="0" />
			<wx w="0" />
			<wx w="0" />
			<wx w="0" />
			<wx w="0" />
			<wx w="0" />
			<wx w="0" />
			<wx w="0" />
			<wx w="0" />
			<wx w="0" />
			<wx w="222" />
			<wx w="666" />
			<wx w="556" />
			<wx w="666" />
			<wx w="556" />
			<wx w="666" />
			<wx w="556" />
			<wx w="666" />
			<wx w="556" />
			<wx w="666" />
			<wx w="556" />
			<wx w="666" />
			<wx w="556" />
			<wx w="666" />
			<wx w="556" />
			<wx w="666" />
			<wx w="556" />
			<wx w="666" />
			<wx w="556" />
			<wx w="666" />
			<wx w="556" />
			<wx w="666" />
			<wx w="556" />
			<wx w="666" />
			<wx w="556" />
			<wx w="666" />
			<wx w="556" />
			<wx w="666" />
			<wx w="556" />
			<wx w="666" />
			<wx w="556" />
			<wx w="666" />
			<wx w="556" />
			<wx w="666" />
			<wx w="556" />
			<wx w="666" />
			<wx w="556" />
			<wx w="666" />
			<wx w="556" />
			<wx w="666" />
			<wx w="556" />
			<wx w="277" />
			<wx w="222" />
			<wx w="277" />
			<wx w="222" />
			<wx w="777" />
			<wx w="556" />
			<wx w="777" />
			<wx w="556" />
			<wx w="777" />
			<wx w="556" />
			<wx w="777" />
			<wx w="556" />
			<wx w="777" />
			<wx w="556" />
			<wx w="777" />
			<wx w="556" />
			<wx w="777" />
			<wx w="556" />
			<wx w="857" />
			<wx w="655" />
			<wx w="857" />
			<wx w="655" />
			<wx w="857" />
			<wx w="655" />
			<wx w="857" />
			<wx w="655" />
			<wx w="857" />
			<wx w="655" />
			<wx w="722" />
			<wx w="556" />
			<wx w="722" />
			<wx w="556" />
			<wx w="854" />
			<wx w="669" />
			<wx w="854" />
			<wx w="669" />
			<wx w="854" />
			<wx w="669" />
			<wx w="854" />
			<wx w="669" />
			<wx w="854" />
			<wx w="669" />
			<wx w="666" />
			<wx w="500" />
			<wx w="666" />
			<wx w="500" />
			<wx w="666" />
			<wx w="500" />
			<wx w="666" />
			<wx w="556" />
			<wx w="277" />
			<wx w="222" />
			<wx w="777" />
			<wx w="556" />
			<wx w="722" />
			<wx w="556" />
			<wx w="722" />
			<wx w="556" />
			<wx w="722" />
			<wx w="556" />
			<wx w="722" />
			<wx w="556" />
			<wx w="722" />
			<wx w="556" />
			<wx w="0" />
			<wx w="0" />
			<wx w="0" />
			<wx w="0" />
			<wx w="541" />
			<wx w="364" />
			<wx w="923" />
			<wx w="668" />
			<wx w="582" />
			<wx w="437" />
			<wx w="582" />
			<wx w="437" />
			<wx w="722" />
			<wx w="552" />
			<wx w="556" />
			<wx w="500" />
			<wx w="556" />
			<wx w="500" />
			<wx w="666" />
			<wx w="500" />
			<wx w="666" />
			<wx w="520" />
			<wx w="666" />
			<wx w="556" />
			<wx w="752" />
			<wx w="556" />
			<wx w="777" />
			<wx w="556" />
			<wx w="713" />
			<wx w="244" />
			<wx w="267" />
			<wx w="262" />
			<wx w="581" />
			<wx w="244" />
			<wx w="244" />
			<wx w="244" />
			<wx w="244" />
			<wx w="244" />
			<wx w="244" />
			<wx w="269" />
			<wx w="207" />
			<wx w="207" />
			<wx w="333" />
			<wx w="333" />
			<wx w="207" />
			<wx w="207" />
			<wx w="207" />
			<wx w="0" />
			<wx w="207" />
			<wx w="229" />
			<wx w="207" />
			<wx w="229" />
			<wx w="207" />
			<wx w="229" />
			<wx w="207" />
			<wx w="229" />
			<wx w="432" />
			<wx w="432" />
			<wx w="432" />
			<wx w="432" />
			<wx w="638" />
			<wx w="588" />
			<wx w="713" />
			<wx w="713" />
			<wx w="244" />
			<wx w="244" />
			<wx w="713" />
			<wx w="713" />
			<wx w="244" />
			<wx w="244" />
			<wx w="713" />
			<wx w="713" />
			<wx w="244" />
			<wx w="244" />
			<wx w="713" />
			<wx w="713" />
			<wx w="244" />
			<wx w="244" />
			<wx w="713" />
			<wx w="713" />
			<wx w="244" />
			<wx w="244" />
			<wx w="713" />
			<wx w="713" />
			<wx w="244" />
			<wx w="244" />
			<wx w="713" />
			<wx w="713" />
			<wx w="244" />
			<wx w="244" />
			<wx w="562" />
			<wx w="525" />
			<wx w="529" />
			<wx w="529" />
			<wx w="562" />
			<wx w="525" />
			<wx w="529" />
			<wx w="529" />
			<wx w="562" />
			<wx w="525" />
			<wx w="529" />
			<wx w="529" />
			<wx w="562" />
			<wx w="525" />
			<wx w="529" />
			<wx w="529" />
			<wx w="562" />
			<wx w="525" />
			<wx w="529" />
			<wx w="529" />
			<wx w="562" />
			<wx w="525" />
			<wx w="529" />
			<wx w="529" />
			<wx w="337" />
			<wx w="337" />
			<wx w="337" />
			<wx w="337" />
			<wx w="337" />
			<wx w="337" />
			<wx w="337" />
			<wx w="337" />
			<wx w="337" />
			<wx w="337" />
			<wx w="337" />
			<wx w="337" />
			<wx w="337" />
			<wx w="337" />
			<wx w="337" />
			<wx w="337" />
			<wx w="337" />
			<wx w="337" />
			<wx w="488" />
			<wx w="488" />
			<wx w="488" />
			<wx w="488" />
			<wx w="488" />
			<wx w="488" />
			<wx w="488" />
			<wx w="488" />
			<wx w="488" />
			<wx w="488" />
			<wx w="488" />
			<wx w="488" />
			<wx w="488" />
			<wx w="488" />
			<wx w="488" />
			<wx w="488" />
			<wx w="821" />
			<wx w="821" />
			<wx w="530" />
			<wx w="530" />
			<wx w="821" />
			<wx w="821" />
			<wx w="530" />
			<wx w="530" />
			<wx w="821" />
			<wx w="821" />
			<wx w="530" />
			<wx w="530" />
			<wx w="1098" />
			<wx w="1098" />
			<wx w="846" />
			<wx w="846" />
			<wx w="1098" />
			<wx w="1098" />
			<wx w="846" />
			<wx w="846" />
			<wx w="581" />
			<wx w="581" />
			<wx w="543" />
			<wx w="450" />
			<wx w="525" />
			<wx w="394" />
			<wx w="788" />
			<wx w="788" />
			<wx w="788" />
			<wx w="267" />
			<wx w="262" />
			<wx w="788" />
			<wx w="788" />
			<wx w="267" />
			<wx w="262" />
			<wx w="788" />
			<wx w="788" />
			<wx w="267" />
			<wx w="262" />
			<wx w="788" />
			<wx w="788" />
			<wx w="267" />
			<wx w="262" />
			<wx w="788" />
			<wx w="788" />
			<wx w="267" />
			<wx w="262" />
			<wx w="581" />
			<wx w="581" />
			<wx w="581" />
			<wx w="581" />
			<wx w="812" />
			<wx w="932" />
			<wx w="394" />
			<wx w="514" />
			<wx w="812" />
			<wx w="932" />
			<wx w="394" />
			<wx w="514" />
			<wx w="601" />
			<wx w="601" />
			<wx w="394" />
			<wx w="394" />
			<wx w="601" />
			<wx w="601" />
			<wx w="394" />
			<wx w="394" />
			<wx w="601" />
			<wx w="601" />
			<wx w="394" />
			<wx w="394" />
			<wx w="812" />
			<wx w="932" />
			<wx w="394" />
			<wx w="514" />
			<wx w="812" />
			<wx w="932" />
			<wx w="394" />
			<wx w="514" />
			<wx w="812" />
			<wx w="932" />
			<wx w="394" />
			<wx w="514" />
			<wx w="812" />
			<wx w="932" />
			<wx w="394" />
			<wx w="514" />
			<wx w="812" />
			<wx w="932" />
			<wx w="394" />
			<wx w="514" />
			<wx w="506" />
			<wx w="506" />
			<wx w="207" />
			<wx w="207" />
			<wx w="506" />
			<wx w="506" />
			<wx w="207" />
			<wx w="207" />
			<wx w="506" />
			<wx w="506" />
			<wx w="207" />
			<wx w="207" />
			<wx w="506" />
			<wx w="506" />
			<wx w="207" />
			<wx w="207" />
			<wx w="525" />
			<wx w="525" />
			<wx w="244" />
			<wx w="244" />
			<wx w="525" />
			<wx w="525" />
			<wx w="525" />
			<wx w="525" />
			<wx w="525" />
			<wx w="525" />
			<wx w="244" />
			<wx w="244" />
			<wx w="525" />
			<wx w="525" />
			<wx w="562" />
			<wx w="525" />
			<wx w="529" />
			<wx w="529" />
			<wx w="282" />
			<wx w="375" />
			<wx w="387" />
			<wx w="387" />
			<wx w="387" />
			<wx w="432" />
			<wx w="432" />
			<wx w="432" />
			<wx w="432" />
			<wx w="432" />
			<wx w="432" />
			<wx w="432" />
			<wx w="432" />
			<wx w="432" />
			<wx w="432" />
			<wx w="432" />
			<wx w="432" />
			<wx w="432" />
			<wx w="432" />
			<wx w="432" />
			<wx w="432" />
			<wx w="638" />
			<wx w="588" />
			<wx w="638" />
			<wx w="588" />
			<wx w="244" />
			<wx w="244" />
			<wx w="432" />
			<wx w="432" />
			<wx w="638" />
			<wx w="588" />
			<wx w="244" />
			<wx w="244" />
			<wx w="638" />
			<wx w="588" />
			<wx w="812" />
			<wx w="812" />
			<wx w="812" />
			<wx w="812" />
			<wx w="207" />
			<wx w="0" />
			<wx w="0" />
			<wx w="0" />
			<wx w="0" />
			<wx w="0" />
			<wx w="0" />
			<wx w="0" />
			<wx w="1123" />
			<wx w="1084" />
			<wx w="0" />
			<wx w="0" />
			<wx w="0" />
			<wx w="0" />
			<wx w="0" />
			<wx w="0" />
			<wx w="193" />
			<wx w="370" />
			<wx w="0" />
			<wx w="0" />
			<wx w="600" />
			<wx w="0" />
			<wx w="0" />
			<wx w="0" />
			<wx w="821" />
			<wx w="821" />
			<wx w="530" />
			<wx w="530" />
			<wx w="1098" />
			<wx w="1098" />
			<wx w="846" />
			<wx w="846" />
			<wx w="543" />
			<wx w="450" />
			<wx w="525" />
			<wx w="394" />
			<wx w="412" />
			<wx w="337" />
			<wx w="282" />
			<wx w="244" />
			<wx w="320" />
			<wx w="244" />
			<wx w="244" />
			<wx w="244" />
			<wx w="244" />
			<wx w="244" />
			<wx w="812" />
			<wx w="932" />
			<wx w="246" />
			<wx w="0" />
			<wx w="341" />
			<wx w="493" />
			<wx w="543" />
			<wx w="600" />
			<wx w="543" />
			<wx w="600" />
			<wx w="543" />
			<wx w="600" />
			<wx w="543" />
			<wx w="600" />
			<wx w="543" />
			<wx w="600" />
			<wx w="543" />
			<wx w="600" />
			<wx w="543" />
			<wx w="600" />
			<wx w="525" />
			<wx w="525" />
			<wx w="543" />
			<wx w="600" />
		</cid-widths>
	</multibyte-extras>
	<kerning kpx1="972">
		<pair kern="-14" kpx2="960" />
		<pair kern="-19" kpx2="955" />
		<pair kern="-26" kpx2="967" />
		<pair kern="-14" kpx2="964" />
	</kerning>
	<kerning kpx1="1088">
		<pair kern="-11" kpx2="1103" />
		<pair kern="-11" kpx2="1093" />
		<pair kern="-11" kpx2="1079" />
		<pair kern="-11" kpx2="1091" />
		<pair kern="-22" kpx2="1076" />
		<pair kern="-21" kpx2="1095" />
		<pair kern="-21" kpx2="1090" />
		<pair kern="-34" kpx2="1083" />
	</kerning>
	<kerning kpx1="908">
		<pair kern="-32" kpx2="933" />
	</kerning>
	<kerning kpx1="960">
		<pair kern="-14" kpx2="940" />
		<pair kern="-14" kpx2="950" />
		<pair kern="-14" kpx2="974" />
		<pair kern="-14" kpx2="963" />
		<pair kern="-14" kpx2="966" />
		<pair kern="-14" kpx2="969" />
		<pair kern="-14" kpx2="959" />
		<pair kern="-14" kpx2="945" />
		<pair kern="-14" kpx2="962" />
	</kerning>
	<kerning kpx1="927">
		<pair kern="-18" kpx2="923" />
		<pair kern="-32" kpx2="933" />
		<pair kern="-20" kpx2="916" />
		<pair kern="-32" kpx2="939" />
		<pair kern="-18" kpx2="913" />
	</kerning>
	<kerning kpx1="86">
		<pair kern="-55" kpx2="111" />
		<pair kern="-37" kpx2="58" />
		<pair kern="-37" kpx2="114" />
		<pair kern="-91" kpx2="44" />
		<pair kern="-18" kpx2="105" />
		<pair kern="-55" kpx2="173" />
		<pair kern="-74" kpx2="65" />
		<pair kern="-74" kpx2="97" />
		<pair kern="-37" kpx2="894" />
		<pair kern="-37" kpx2="117" />
		<pair kern="-37" kpx2="121" />
		<pair kern="-91" kpx2="46" />
		<pair kern="-55" kpx2="101" />
	</kerning>
	<kerning kpx1="958">
		<pair kern="-26" kpx2="972" />
		<pair kern="-26" kpx2="940" />
		<pair kern="-26" kpx2="950" />
		<pair kern="-26" kpx2="948" />
		<pair kern="-26" kpx2="963" />
		<pair kern="-26" kpx2="966" />
		<pair kern="-26" kpx2="959" />
		<pair kern="-26" kpx2="945" />
		<pair kern="-26" kpx2="962" />
		<pair kern="-26" kpx2="958" />
	</kerning>
	<kerning kpx1="118">
		<pair kern="-74" kpx2="46" />
		<pair kern="-74" kpx2="44" />
	</kerning>
	<kerning kpx1="1086">
		<pair kern="-11" kpx2="1093" />
		<pair kern="-11" kpx2="1079" />
		<pair kern="-11" kpx2="1091" />
		<pair kern="-21" kpx2="1076" />
		<pair kern="-21" kpx2="1095" />
		<pair kern="-11" kpx2="1078" />
		<pair kern="-21" kpx2="1090" />
		<pair kern="-21" kpx2="1083" />
	</kerning>
	<kerning kpx1="1050">
		<pair kern="-11" kpx2="1054" />
		<pair kern="-34" kpx2="1060" />
		<pair kern="-11" kpx2="1057" />
		<pair kern="-11" kpx2="1047" />
		<pair kern="11" kpx2="1059" />
	</kerning>
	<kerning kpx1="1060">
		<pair kern="-34" kpx2="1071" />
		<pair kern="-33" kpx2="1051" />
		<pair kern="-21" kpx2="1040" />
		<pair kern="-44" kpx2="1059" />
		<pair kern="-33" kpx2="1044" />
		<pair kern="-21" kpx2="1063" />
		<pair kern="-56" kpx2="1058" />
		<pair kern="-33" kpx2="1083" />
	</kerning>
	<kerning kpx1="160">
		<pair kern="-55" kpx2="923" />
		<pair kern="-18" kpx2="933" />
		<pair kern="-55" kpx2="916" />
		<pair kern="-55" kpx2="65" />
		<pair kern="-18" kpx2="89" />
		<pair kern="-18" kpx2="84" />
		<pair kern="-18" kpx2="939" />
		<pair kern="-55" kpx2="902" />
		<pair kern="-18" kpx2="932" />
		<pair kern="-55" kpx2="913" />
	</kerning>
	<kerning kpx1="1047">
		<pair kern="-11" kpx2="1071" />
		<pair kern="-11" kpx2="1054" />
		<pair kern="-11" kpx2="1060" />
		<pair kern="-11" kpx2="1057" />
		<pair kern="-11" kpx2="1051" />
		<pair kern="-11" kpx2="1059" />
		<pair kern="-21" kpx2="1063" />
		<pair kern="-21" kpx2="1058" />
	</kerning>
	<kerning kpx1="1057">
		<pair kern="-11" kpx2="1069" />
		<pair kern="-11" kpx2="1052" />
		<pair kern="-21" kpx2="1044" />
		<pair kern="-34" kpx2="1066" />
		<pair kern="-56" kpx2="1061" />
		<pair kern="-33" kpx2="1058" />
		<pair kern="-21" kpx2="1054" />
		<pair kern="-11" kpx2="1047" />
		<pair kern="11" kpx2="1072" />
		<pair kern="-21" kpx2="1040" />
		<pair kern="-33" kpx2="1051" />
		<pair kern="-33" kpx2="1059" />
		<pair kern="-11" kpx2="1095" />
		<pair kern="21" kpx2="1078" />
		<pair kern="-33" kpx2="1063" />
	</kerning>
	<kerning kpx1="937">
		<pair kern="-22" kpx2="933" />
		<pair kern="-22" kpx2="939" />
	</kerning>
	<kerning kpx1="913">
		<pair kern="-18" kpx2="967" />
		<pair kern="-74" kpx2="933" />
		<pair kern="-18" kpx2="957" />
		<pair kern="-55" kpx2="160" />
		<pair kern="-20" kpx2="920" />
		<pair kern="-74" kpx2="939" />
		<pair kern="-20" kpx2="927" />
		<pair kern="-28" kpx2="934" />
		<pair kern="-74" kpx2="932" />
		<pair kern="-18" kpx2="947" />
		<pair kern="-74" kpx2="8217" />
	</kerning>
	<kerning kpx1="82">
		<pair kern="-18" kpx2="87" />
		<pair kern="-18" kpx2="89" />
		<pair kern="-18" kpx2="84" />
		<pair kern="-18" kpx2="86" />
	</kerning>
	<kerning kpx1="119">
		<pair kern="-55" kpx2="46" />
		<pair kern="-55" kpx2="44" />
	</kerning>
	<kerning kpx1="1045">
		<pair kern="-11" kpx2="1089" />
		<pair kern="-21" kpx2="1047" />
	</kerning>
	<kerning kpx1="1101">
		<pair kern="-11" kpx2="1103" />
		<pair kern="-11" kpx2="1093" />
		<pair kern="11" kpx2="1086" />
		<pair kern="11" kpx2="1077" />
		<pair kern="-11" kpx2="1079" />
		<pair kern="-21" kpx2="1076" />
		<pair kern="-21" kpx2="1090" />
		<pair kern="-21" kpx2="1083" />
	</kerning>
	<kerning kpx1="1084">
		<pair kern="-11" kpx2="1079" />
		<pair kern="11" kpx2="1091" />
		<pair kern="-11" kpx2="1073" />
	</kerning>
	<kerning kpx1="1052">
		<pair kern="11" kpx2="1086" />
		<pair kern="-11" kpx2="1060" />
		<pair kern="11" kpx2="1089" />
		<pair kern="11" kpx2="1077" />
		<pair kern="11" kpx2="1101" />
		<pair kern="11" kpx2="1091" />
		<pair kern="11" kpx2="1072" />
		<pair kern="-11" kpx2="1095" />
		<pair kern="-11" kpx2="1063" />
	</kerning>
	<kerning kpx1="939">
		<pair kern="-90" kpx2="972" />
		<pair kern="-74" kpx2="923" />
		<pair kern="-90" kpx2="963" />
		<pair kern="-74" kpx2="951" />
		<pair kern="-74" kpx2="954" />
		<pair kern="-56" kpx2="927" />
		<pair kern="-90" kpx2="959" />
		<pair kern="83" kpx2="912" />
		<pair kern="-37" kpx2="943" />
		<pair kern="-37" kpx2="953" />
		<pair kern="47" kpx2="970" />
		<pair kern="-74" kpx2="916" />
		<pair kern="-18" kpx2="160" />
		<pair kern="-56" kpx2="920" />
		<pair kern="-74" kpx2="942" />
		<pair kern="-74" kpx2="956" />
		<pair kern="-90" kpx2="966" />
		<pair kern="-47" kpx2="937" />
		<pair kern="-56" kpx2="934" />
		<pair kern="-90" kpx2="945" />
		<pair kern="-74" kpx2="913" />
	</kerning>
	<kerning kpx1="959">
		<pair kern="-14" kpx2="960" />
		<pair kern="-19" kpx2="955" />
		<pair kern="-26" kpx2="967" />
		<pair kern="-14" kpx2="964" />
	</kerning>
	<kerning kpx1="915">
		<pair kern="-91" kpx2="923" />
		<pair kern="-42" kpx2="953" />
		<pair kern="42" kpx2="970" />
		<pair kern="-91" kpx2="916" />
		<pair kern="-109" kpx2="46" />
		<pair kern="80" kpx2="912" />
		<pair kern="-91" kpx2="913" />
		<pair kern="-109" kpx2="44" />
	</kerning>
	<kerning kpx1="1058">
		<pair kern="-56" kpx2="1088" />
		<pair kern="-43" kpx2="1097" />
		<pair kern="-56" kpx2="1077" />
		<pair kern="-43" kpx2="171" />
		<pair kern="-43" kpx2="1080" />
		<pair kern="-43" kpx2="187" />
		<pair kern="-21" kpx2="8212" />
		<pair kern="-78" kpx2="1086" />
		<pair kern="-43" kpx2="1099" />
		<pair kern="-33" kpx2="1060" />
		<pair kern="-56" kpx2="1089" />
		<pair kern="-56" kpx2="1091" />
		<pair kern="-11" kpx2="1047" />
		<pair kern="-33" kpx2="1040" />
		<pair kern="-43" kpx2="1087" />
		<pair kern="-43" kpx2="1093" />
		<pair kern="-43" kpx2="1084" />
		<pair kern="-43" kpx2="1102" />
		<pair kern="-33" kpx2="1044" />
		<pair kern="-110" kpx2="44" />
		<pair kern="-56" kpx2="1103" />
		<pair kern="-21" kpx2="1071" />
		<pair kern="-44" kpx2="1054" />
		<pair kern="-43" kpx2="1082" />
		<pair kern="-43" kpx2="1074" />
		<pair kern="-44" kpx2="1072" />
		<pair kern="-21" kpx2="1051" />
		<pair kern="-43" kpx2="1100" />
		<pair kern="-110" kpx2="46" />
		<pair kern="11" kpx2="1046" />
		<pair kern="-44" kpx2="1083" />
	</kerning>
	<kerning kpx1="920">
		<pair kern="-18" kpx2="923" />
		<pair kern="-32" kpx2="933" />
		<pair kern="-18" kpx2="916" />
		<pair kern="-32" kpx2="939" />
		<pair kern="-18" kpx2="913" />
	</kerning>
	<kerning kpx1="121">
		<pair kern="-74" kpx2="46" />
		<pair kern="-74" kpx2="44" />
	</kerning>
	<kerning kpx1="1051">
		<pair kern="-11" kpx2="1060" />
		<pair kern="11" kpx2="1091" />
		<pair kern="11" kpx2="1073" />
	</kerning>
	<kerning kpx1="1046">
		<pair kern="-11" kpx2="1086" />
		<pair kern="-21" kpx2="1054" />
		<pair kern="-12" kpx2="1077" />
		<pair kern="-11" kpx2="1091" />
		<pair kern="-11" kpx2="1057" />
		<pair kern="-11" kpx2="1047" />
		<pair kern="11" kpx2="1072" />
		<pair kern="21" kpx2="1066" />
		<pair kern="21" kpx2="1059" />
		<pair kern="11" kpx2="1058" />
	</kerning>
	<kerning kpx1="1041">
		<pair kern="-11" kpx2="1069" />
		<pair kern="-33" kpx2="1066" />
		<pair kern="-21" kpx2="1061" />
		<pair kern="-44" kpx2="1058" />
		<pair kern="-11" kpx2="1054" />
		<pair kern="-11" kpx2="1071" />
		<pair kern="-11" kpx2="1060" />
		<pair kern="-21" kpx2="1091" />
		<pair kern="-11" kpx2="1047" />
		<pair kern="-11" kpx2="1057" />
		<pair kern="-21" kpx2="1040" />
		<pair kern="-22" kpx2="1059" />
		<pair kern="-44" kpx2="1063" />
		<pair kern="-11" kpx2="1083" />
	</kerning>
	<kerning kpx1="1083">
		<pair kern="11" kpx2="1086" />
		<pair kern="-21" kpx2="1095" />
	</kerning>
	<kerning kpx1="1097">
		<pair kern="-11" kpx2="1086" />
		<pair kern="-11" kpx2="1077" />
		<pair kern="11" kpx2="1091" />
	</kerning>
	<kerning kpx1="950">
		<pair kern="-66" kpx2="972" />
		<pair kern="-66" kpx2="940" />
		<pair kern="-41" kpx2="960" />
		<pair kern="-66" kpx2="963" />
		<pair kern="-18" kpx2="951" />
		<pair kern="-18" kpx2="954" />
		<pair kern="-66" kpx2="959" />
		<pair kern="-41" kpx2="964" />
		<pair kern="-41" kpx2="947" />
		<pair kern="-18" kpx2="953" />
		<pair kern="-37" kpx2="948" />
		<pair kern="-66" kpx2="974" />
		<pair kern="-47" kpx2="952" />
		<pair kern="-41" kpx2="957" />
		<pair kern="-18" kpx2="942" />
		<pair kern="-66" kpx2="966" />
		<pair kern="-66" kpx2="969" />
		<pair kern="-66" kpx2="945" />
	</kerning>
	<kerning kpx1="929">
		<pair kern="-74" kpx2="923" />
		<pair kern="-74" kpx2="916" />
		<pair kern="-18" kpx2="160" />
		<pair kern="-127" kpx2="46" />
		<pair kern="-74" kpx2="913" />
		<pair kern="-127" kpx2="44" />
	</kerning>
	<kerning kpx1="87">
		<pair kern="-18" kpx2="111" />
		<pair kern="-18" kpx2="173" />
		<pair kern="-18" kpx2="58" />
		<pair kern="-18" kpx2="114" />
		<pair kern="-37" kpx2="97" />
		<pair kern="-37" kpx2="65" />
		<pair kern="-18" kpx2="894" />
		<pair kern="-18" kpx2="117" />
		<pair kern="-8" kpx2="121" />
		<pair kern="-55" kpx2="46" />
		<pair kern="-18" kpx2="101" />
		<pair kern="-55" kpx2="44" />
	</kerning>
	<kerning kpx1="932">
		<pair kern="-109" kpx2="972" />
		<pair kern="-109" kpx2="940" />
		<pair kern="-109" kpx2="963" />
		<pair kern="-86" kpx2="971" />
		<pair kern="-18" kpx2="927" />
		<pair kern="-86" kpx2="947" />
		<pair kern="-37" kpx2="953" />
		<pair kern="-74" kpx2="916" />
		<pair kern="-18" kpx2="160" />
		<pair kern="-109" kpx2="966" />
		<pair kern="-18" kpx2="937" />
		<pair kern="-74" kpx2="913" />
		<pair kern="-109" kpx2="945" />
		<pair kern="-74" kpx2="923" />
		<pair kern="-55" kpx2="967" />
		<pair kern="-109" kpx2="58" />
		<pair kern="-73" kpx2="951" />
		<pair kern="-73" kpx2="968" />
		<pair kern="-86" kpx2="944" />
		<pair kern="-109" kpx2="959" />
		<pair kern="91" kpx2="912" />
		<pair kern="-109" kpx2="44" />
		<pair kern="-85" kpx2="965" />
		<pair kern="91" kpx2="970" />
		<pair kern="-109" kpx2="894" />
		<pair kern="-55" kpx2="957" />
		<pair kern="-18" kpx2="920" />
		<pair kern="-73" kpx2="956" />
		<pair kern="-109" kpx2="46" />
		<pair kern="-109" kpx2="949" />
		<pair kern="-18" kpx2="934" />
		<pair kern="-86" kpx2="973" />
		<pair kern="-109" kpx2="941" />
	</kerning>
	<kerning kpx1="964">
		<pair kern="-14" kpx2="940" />
		<pair kern="-14" kpx2="950" />
		<pair kern="-14" kpx2="948" />
		<pair kern="-14" kpx2="974" />
		<pair kern="-14" kpx2="963" />
		<pair kern="-14" kpx2="966" />
		<pair kern="-14" kpx2="969" />
		<pair kern="-14" kpx2="959" />
		<pair kern="-14" kpx2="945" />
		<pair kern="-14" kpx2="962" />
	</kerning>
	<kerning kpx1="1061">
		<pair kern="-34" kpx2="1069" />
		<pair kern="-11" kpx2="1086" />
		<pair kern="-33" kpx2="1054" />
		<pair kern="-33" kpx2="1060" />
		<pair kern="-21" kpx2="1091" />
		<pair kern="-33" kpx2="1057" />
		<pair kern="-21" kpx2="1047" />
	</kerning>
	<kerning kpx1="65">
		<pair kern="-18" kpx2="119" />
		<pair kern="-37" kpx2="87" />
		<pair kern="-55" kpx2="160" />
		<pair kern="-74" kpx2="89" />
		<pair kern="-18" kpx2="121" />
		<pair kern="-74" kpx2="84" />
		<pair kern="-74" kpx2="86" />
		<pair kern="-74" kpx2="8217" />
		<pair kern="-18" kpx2="118" />
	</kerning>
	<kerning kpx1="974">
		<pair kern="-14" kpx2="960" />
		<pair kern="-19" kpx2="955" />
		<pair kern="-26" kpx2="967" />
		<pair kern="-14" kpx2="964" />
	</kerning>
	<kerning kpx1="1027">
		<pair kern="-66" kpx2="171" />
		<pair kern="-122" kpx2="46" />
		<pair kern="-66" kpx2="187" />
		<pair kern="-21" kpx2="8212" />
		<pair kern="-122" kpx2="44" />
	</kerning>
	<kerning kpx1="1079">
		<pair kern="-11" kpx2="1086" />
		<pair kern="-11" kpx2="1089" />
		<pair kern="-11" kpx2="1077" />
		<pair kern="-11" kpx2="1079" />
		<pair kern="-11" kpx2="1091" />
		<pair kern="-21" kpx2="1098" />
		<pair kern="-21" kpx2="1076" />
		<pair kern="-33" kpx2="1095" />
		<pair kern="-11" kpx2="1092" />
		<pair kern="-11" kpx2="1073" />
		<pair kern="-11" kpx2="1083" />
	</kerning>
	<kerning kpx1="1091">
		<pair kern="-11" kpx2="1088" />
		<pair kern="-11" kpx2="1077" />
		<pair kern="-11" kpx2="1101" />
		<pair kern="-11" kpx2="1084" />
		<pair kern="-33" kpx2="1076" />
		<pair kern="11" kpx2="187" />
		<pair kern="-11" kpx2="1092" />
		<pair kern="-100" kpx2="44" />
		<pair kern="-11" kpx2="1103" />
		<pair kern="-12" kpx2="1086" />
		<pair kern="-11" kpx2="1089" />
		<pair kern="-11" kpx2="1072" />
		<pair kern="-100" kpx2="46" />
		<pair kern="11" kpx2="1078" />
		<pair kern="11" kpx2="1073" />
		<pair kern="-21" kpx2="1083" />
	</kerning>
	<kerning kpx1="1040">
		<pair kern="-21" kpx2="1069" />
		<pair kern="21" kpx2="1101" />
		<pair kern="33" kpx2="1044" />
		<pair kern="11" kpx2="1092" />
		<pair kern="-21" kpx2="1090" />
		<pair kern="-78" kpx2="1058" />
		<pair kern="-56" kpx2="8217" />
		<pair kern="-21" kpx2="1054" />
		<pair kern="-33" kpx2="1060" />
		<pair kern="-11" kpx2="1091" />
		<pair kern="-11" kpx2="1047" />
		<pair kern="-21" kpx2="1057" />
		<pair kern="11" kpx2="1072" />
		<pair kern="21" kpx2="1051" />
		<pair kern="-11" kpx2="1055" />
		<pair kern="-43" kpx2="1059" />
		<pair kern="-78" kpx2="1063" />
	</kerning>
	<kerning kpx1="969">
		<pair kern="-14" kpx2="960" />
		<pair kern="-19" kpx2="955" />
		<pair kern="-26" kpx2="967" />
		<pair kern="-14" kpx2="964" />
	</kerning>
	<kerning kpx1="1059">
		<pair kern="-44" kpx2="1088" />
		<pair kern="-21" kpx2="1069" />
		<pair kern="-44" kpx2="1097" />
		<pair kern="-66" kpx2="1077" />
		<pair kern="-43" kpx2="171" />
		<pair kern="-44" kpx2="1085" />
		<pair kern="-44" kpx2="1080" />
		<pair kern="-44" kpx2="187" />
		<pair kern="-11" kpx2="8212" />
		<pair kern="-66" kpx2="1086" />
		<pair kern="-33" kpx2="1060" />
		<pair kern="-44" kpx2="1096" />
		<pair kern="-66" kpx2="1089" />
		<pair kern="-56" kpx2="1079" />
		<pair kern="-21" kpx2="1047" />
		<pair kern="-66" kpx2="1040" />
		<pair kern="-44" kpx2="1087" />
		<pair kern="-33" kpx2="1078" />
		<pair kern="-44" kpx2="1093" />
		<pair kern="-21" kpx2="58" />
		<pair kern="-44" kpx2="1084" />
		<pair kern="-44" kpx2="1094" />
		<pair kern="-78" kpx2="1076" />
		<pair kern="-33" kpx2="1081" />
		<pair kern="-44" kpx2="1102" />
		<pair kern="-44" kpx2="1044" />
		<pair kern="-132" kpx2="44" />
		<pair kern="-66" kpx2="1103" />
		<pair kern="-33" kpx2="1054" />
		<pair kern="-21" kpx2="1071" />
		<pair kern="-44" kpx2="1075" />
		<pair kern="-44" kpx2="1082" />
		<pair kern="-21" kpx2="894" />
		<pair kern="-56" kpx2="1074" />
		<pair kern="-33" kpx2="1051" />
		<pair kern="-132" kpx2="46" />
		<pair kern="-21" kpx2="1073" />
		<pair kern="-66" kpx2="1083" />
	</kerning>
	<kerning kpx1="923">
		<pair kern="-74" kpx2="933" />
		<pair kern="-55" kpx2="160" />
		<pair kern="-20" kpx2="920" />
		<pair kern="-74" kpx2="939" />
		<pair kern="-20" kpx2="927" />
		<pair kern="-74" kpx2="932" />
	</kerning>
	<kerning kpx1="967">
		<pair kern="-26" kpx2="972" />
		<pair kern="-26" kpx2="940" />
		<pair kern="-26" kpx2="950" />
		<pair kern="-26" kpx2="948" />
		<pair kern="-26" kpx2="974" />
		<pair kern="-26" kpx2="963" />
		<pair kern="-26" kpx2="966" />
		<pair kern="-26" kpx2="969" />
		<pair kern="-26" kpx2="959" />
		<pair kern="-26" kpx2="945" />
		<pair kern="-26" kpx2="962" />
	</kerning>
	<kerning kpx1="961">
		<pair kern="-14" kpx2="960" />
		<pair kern="-19" kpx2="955" />
		<pair kern="-14" kpx2="964" />
	</kerning>
	<kerning kpx1="114">
		<pair kern="-55" kpx2="46" />
		<pair kern="37" kpx2="8217" />
		<pair kern="-55" kpx2="44" />
	</kerning>
	<kerning kpx1="1062">
		<pair kern="-21" kpx2="1054" />
		<pair kern="21" kpx2="1072" />
	</kerning>
	<kerning kpx1="931">
		<pair kern="-47" kpx2="960" />
		<pair kern="-47" kpx2="964" />
	</kerning>
	<kerning kpx1="954">
		<pair kern="-12" kpx2="940" />
		<pair kern="-12" kpx2="972" />
		<pair kern="-12" kpx2="950" />
		<pair kern="-12" kpx2="963" />
		<pair kern="-12" kpx2="959" />
		<pair kern="-12" kpx2="958" />
		<pair kern="-12" kpx2="948" />
		<pair kern="-12" kpx2="974" />
		<pair kern="-12" kpx2="952" />
		<pair kern="-12" kpx2="966" />
		<pair kern="-12" kpx2="969" />
		<pair kern="-12" kpx2="945" />
		<pair kern="-12" kpx2="962" />
	</kerning>
	<kerning kpx1="922">
		<pair kern="-12" kpx2="972" />
		<pair kern="-12" kpx2="940" />
		<pair kern="-12" kpx2="950" />
		<pair kern="-12" kpx2="963" />
		<pair kern="-30" kpx2="927" />
		<pair kern="-12" kpx2="959" />
		<pair kern="-12" kpx2="958" />
		<pair kern="-12" kpx2="948" />
		<pair kern="-12" kpx2="974" />
		<pair kern="-12" kpx2="952" />
		<pair kern="-30" kpx2="920" />
		<pair kern="-12" kpx2="966" />
		<pair kern="-12" kpx2="969" />
		<pair kern="-55" kpx2="934" />
		<pair kern="-12" kpx2="945" />
	</kerning>
	<kerning kpx1="76">
		<pair kern="-74" kpx2="87" />
		<pair kern="-37" kpx2="160" />
		<pair kern="-74" kpx2="89" />
		<pair kern="-37" kpx2="121" />
		<pair kern="-74" kpx2="84" />
		<pair kern="-74" kpx2="86" />
		<pair kern="-55" kpx2="8217" />
	</kerning>
	<kerning kpx1="936">
		<pair kern="-38" kpx2="972" />
		<pair kern="-38" kpx2="940" />
		<pair kern="-38" kpx2="948" />
		<pair kern="-38" kpx2="974" />
		<pair kern="-38" kpx2="963" />
		<pair kern="-19" kpx2="952" />
		<pair kern="-38" kpx2="966" />
		<pair kern="-38" kpx2="969" />
		<pair kern="-38" kpx2="959" />
		<pair kern="-38" kpx2="945" />
	</kerning>
	<kerning kpx1="1090">
		<pair kern="-11" kpx2="1086" />
		<pair kern="-11" kpx2="1089" />
		<pair kern="-11" kpx2="1077" />
		<pair kern="11" kpx2="1091" />
		<pair kern="-11" kpx2="1072" />
		<pair kern="-33" kpx2="1076" />
		<pair kern="-110" kpx2="46" />
		<pair kern="33" kpx2="1078" />
		<pair kern="-21" kpx2="1083" />
		<pair kern="-110" kpx2="44" />
	</kerning>
	<kerning kpx1="1082">
		<pair kern="11" kpx2="1086" />
		<pair kern="11" kpx2="1089" />
		<pair kern="11" kpx2="1077" />
		<pair kern="11" kpx2="1101" />
		<pair kern="11" kpx2="1079" />
		<pair kern="11" kpx2="1091" />
		<pair kern="21" kpx2="1072" />
		<pair kern="11" kpx2="1090" />
		<pair kern="21" kpx2="1073" />
		<pair kern="11" kpx2="1083" />
	</kerning>
	<kerning kpx1="1118">
		<pair kern="-100" kpx2="46" />
		<pair kern="-100" kpx2="44" />
	</kerning>
	<kerning kpx1="1072">
		<pair kern="-11" kpx2="1079" />
		<pair kern="-11" kpx2="1091" />
		<pair kern="-21" kpx2="1095" />
		<pair kern="-21" kpx2="1090" />
	</kerning>
	<kerning kpx1="1100">
		<pair kern="-66" kpx2="1095" />
		<pair kern="-78" kpx2="1090" />
	</kerning>
	<kerning kpx1="1069">
		<pair kern="-11" kpx2="1103" />
		<pair kern="-21" kpx2="1071" />
		<pair kern="-11" kpx2="1084" />
		<pair kern="-11" kpx2="1047" />
		<pair kern="-33" kpx2="1051" />
		<pair kern="-33" kpx2="1076" />
		<pair kern="-33" kpx2="1044" />
		<pair kern="-34" kpx2="1061" />
		<pair kern="-12" kpx2="1046" />
		<pair kern="11" kpx2="1078" />
		<pair kern="-33" kpx2="1083" />
	</kerning>
	<kerning kpx1="955">
		<pair kern="-15" kpx2="940" />
		<pair kern="-15" kpx2="972" />
		<pair kern="-15" kpx2="963" />
		<pair kern="-15" kpx2="959" />
		<pair kern="-15" kpx2="958" />
		<pair kern="-23" kpx2="965" />
		<pair kern="-15" kpx2="948" />
		<pair kern="-15" kpx2="974" />
		<pair kern="-18" kpx2="966" />
		<pair kern="-15" kpx2="969" />
		<pair kern="-23" kpx2="973" />
		<pair kern="-15" kpx2="945" />
		<pair kern="-22" kpx2="962" />
	</kerning>
	<kerning kpx1="1033">
		<pair kern="-78" kpx2="8217" />
	</kerning>
	<kerning kpx1="1034">
		<pair kern="-66" kpx2="8217" />
	</kerning>
	<kerning kpx1="80">
		<pair kern="-74" kpx2="65" />
		<pair kern="-18" kpx2="160" />
		<pair kern="-128" kpx2="46" />
		<pair kern="-128" kpx2="44" />
	</kerning>
	<kerning kpx1="8222">
		<pair kern="-78" kpx2="1035" />
		<pair kern="-78" kpx2="1026" />
		<pair kern="-33" kpx2="1066" />
		<pair kern="-33" kpx2="1063" />
		<pair kern="-78" kpx2="1058" />
	</kerning>
	<kerning kpx1="1089">
		<pair kern="11" kpx2="1086" />
		<pair kern="11" kpx2="1101" />
		<pair kern="-11" kpx2="1095" />
		<pair kern="11" kpx2="1078" />
	</kerning>
	<kerning kpx1="910">
		<pair kern="-90" kpx2="972" />
		<pair kern="-74" kpx2="923" />
		<pair kern="-90" kpx2="963" />
		<pair kern="-74" kpx2="951" />
		<pair kern="-74" kpx2="954" />
		<pair kern="-56" kpx2="927" />
		<pair kern="-90" kpx2="959" />
		<pair kern="83" kpx2="912" />
		<pair kern="-37" kpx2="943" />
		<pair kern="-37" kpx2="953" />
		<pair kern="47" kpx2="970" />
		<pair kern="-74" kpx2="916" />
		<pair kern="-56" kpx2="920" />
		<pair kern="-74" kpx2="942" />
		<pair kern="-74" kpx2="956" />
		<pair kern="-90" kpx2="966" />
		<pair kern="-47" kpx2="937" />
		<pair kern="-56" kpx2="934" />
		<pair kern="-90" kpx2="945" />
		<pair kern="-74" kpx2="913" />
	</kerning>
	<kerning kpx1="70">
		<pair kern="-55" kpx2="65" />
		<pair kern="-110" kpx2="46" />
		<pair kern="-110" kpx2="44" />
	</kerning>
	<kerning kpx1="966">
		<pair kern="-14" kpx2="960" />
		<pair kern="-19" kpx2="955" />
		<pair kern="-26" kpx2="967" />
		<pair kern="-14" kpx2="964" />
	</kerning>
	<kerning kpx1="1094">
		<pair kern="-11" kpx2="1086" />
		<pair kern="-11" kpx2="1089" />
		<pair kern="-11" kpx2="1077" />
		<pair kern="-11" kpx2="1079" />
	</kerning>
	<kerning kpx1="8216">
		<pair kern="-18" kpx2="8216" />
	</kerning>
	<kerning kpx1="1070">
		<pair kern="-11" kpx2="1054" />
		<pair kern="-11" kpx2="1084" />
		<pair kern="-11" kpx2="1057" />
		<pair kern="-44" kpx2="1051" />
		<pair kern="-33" kpx2="1040" />
		<pair kern="-44" kpx2="1076" />
		<pair kern="-43" kpx2="1044" />
		<pair kern="-44" kpx2="1061" />
		<pair kern="-21" kpx2="1046" />
		<pair kern="-33" kpx2="1063" />
		<pair kern="-56" kpx2="1058" />
		<pair kern="-44" kpx2="1083" />
	</kerning>
	<kerning kpx1="1092">
		<pair kern="-11" kpx2="1103" />
		<pair kern="-11" kpx2="1091" />
		<pair kern="-21" kpx2="1076" />
		<pair kern="-21" kpx2="1095" />
		<pair kern="-21" kpx2="1090" />
		<pair kern="-11" kpx2="1073" />
		<pair kern="-21" kpx2="1083" />
	</kerning>
	<kerning kpx1="933">
		<pair kern="-90" kpx2="972" />
		<pair kern="-90" kpx2="963" />
		<pair kern="-56" kpx2="927" />
		<pair kern="-37" kpx2="943" />
		<pair kern="-47" kpx2="947" />
		<pair kern="-37" kpx2="953" />
		<pair kern="-74" kpx2="916" />
		<pair kern="-18" kpx2="160" />
		<pair kern="-90" kpx2="966" />
		<pair kern="-47" kpx2="937" />
		<pair kern="-74" kpx2="913" />
		<pair kern="-90" kpx2="945" />
		<pair kern="-74" kpx2="923" />
		<pair kern="-55" kpx2="58" />
		<pair kern="-74" kpx2="951" />
		<pair kern="-74" kpx2="954" />
		<pair kern="91" kpx2="912" />
		<pair kern="-90" kpx2="959" />
		<pair kern="-127" kpx2="44" />
		<pair kern="-90" kpx2="173" />
		<pair kern="59" kpx2="970" />
		<pair kern="-55" kpx2="894" />
		<pair kern="-56" kpx2="920" />
		<pair kern="-74" kpx2="942" />
		<pair kern="-74" kpx2="956" />
		<pair kern="-127" kpx2="46" />
		<pair kern="-56" kpx2="934" />
	</kerning>
	<kerning kpx1="102">
		<pair kern="-18" kpx2="102" />
		<pair kern="18" kpx2="8217" />
	</kerning>
	<kerning kpx1="1074">
		<pair kern="-11" kpx2="1077" />
		<pair kern="-11" kpx2="1084" />
		<pair kern="-33" kpx2="1098" />
		<pair kern="-11" kpx2="1076" />
		<pair kern="-21" kpx2="1090" />
		<pair kern="-11" kpx2="1092" />
		<pair kern="-11" kpx2="1103" />
		<pair kern="-11" kpx2="1086" />
		<pair kern="-11" kpx2="1089" />
		<pair kern="-11" kpx2="1079" />
		<pair kern="-21" kpx2="1091" />
		<pair kern="-11" kpx2="1072" />
		<pair kern="-44" kpx2="1095" />
		<pair kern="-11" kpx2="1078" />
		<pair kern="-11" kpx2="1073" />
		<pair kern="-22" kpx2="1083" />
	</kerning>
	<kerning kpx1="84">
		<pair kern="-110" kpx2="111" />
		<pair kern="-18" kpx2="79" />
		<pair kern="-55" kpx2="119" />
		<pair kern="-110" kpx2="58" />
		<pair kern="-37" kpx2="114" />
		<pair kern="-110" kpx2="99" />
		<pair kern="-110" kpx2="44" />
		<pair kern="-37" kpx2="105" />
		<pair kern="-55" kpx2="173" />
		<pair kern="-74" kpx2="65" />
		<pair kern="-110" kpx2="97" />
		<pair kern="-18" kpx2="160" />
		<pair kern="-110" kpx2="894" />
		<pair kern="-37" kpx2="117" />
		<pair kern="-55" kpx2="121" />
		<pair kern="-110" kpx2="46" />
		<pair kern="-110" kpx2="115" />
		<pair kern="-110" kpx2="101" />
	</kerning>
	<kerning kpx1="934">
		<pair kern="-32" kpx2="933" />
		<pair kern="-32" kpx2="939" />
		<pair kern="-28" kpx2="913" />
	</kerning>
	<kerning kpx1="1073">
		<pair kern="-33" kpx2="1093" />
		<pair kern="-11" kpx2="1077" />
		<pair kern="-11" kpx2="1101" />
		<pair kern="-21" kpx2="1084" />
		<pair kern="-33" kpx2="1098" />
		<pair kern="-44" kpx2="1076" />
		<pair kern="-11" kpx2="1092" />
		<pair kern="-21" kpx2="1103" />
		<pair kern="-11" kpx2="1089" />
		<pair kern="-21" kpx2="1079" />
		<pair kern="-21" kpx2="1091" />
		<pair kern="-22" kpx2="1072" />
		<pair kern="-33" kpx2="1095" />
		<pair kern="-11" kpx2="1078" />
		<pair kern="-44" kpx2="1083" />
	</kerning>
	<kerning kpx1="1056">
		<pair kern="-43" kpx2="1077" />
		<pair kern="-21" kpx2="58" />
		<pair kern="-21" kpx2="1101" />
		<pair kern="-11" kpx2="1052" />
		<pair kern="-78" kpx2="1076" />
		<pair kern="-66" kpx2="1044" />
		<pair kern="-44" kpx2="1061" />
		<pair kern="-56" kpx2="187" />
		<pair kern="-44" kpx2="1058" />
		<pair kern="-188" kpx2="44" />
		<pair kern="-33" kpx2="1103" />
		<pair kern="-43" kpx2="1086" />
		<pair kern="-21" kpx2="1071" />
		<pair kern="-21" kpx2="1054" />
		<pair kern="-11" kpx2="1060" />
		<pair kern="-21" kpx2="894" />
		<pair kern="-21" kpx2="1047" />
		<pair kern="-11" kpx2="1057" />
		<pair kern="-33" kpx2="1072" />
		<pair kern="-66" kpx2="1040" />
		<pair kern="-56" kpx2="1051" />
		<pair kern="-188" kpx2="46" />
		<pair kern="-21" kpx2="1059" />
		<pair kern="-11" kpx2="1046" />
	</kerning>
	<kerning kpx1="1077">
		<pair kern="-21" kpx2="1093" />
		<pair kern="-21" kpx2="1079" />
		<pair kern="-11" kpx2="1091" />
		<pair kern="-21" kpx2="1076" />
		<pair kern="-33" kpx2="1095" />
		<pair kern="-11" kpx2="1078" />
		<pair kern="-33" kpx2="1090" />
		<pair kern="-11" kpx2="1073" />
		<pair kern="-33" kpx2="1083" />
	</kerning>
	<kerning kpx1="1066">
		<pair kern="-33" kpx2="1071" />
		<pair kern="-66" kpx2="8217" />
	</kerning>
	<kerning kpx1="49">
		<pair kern="-74" kpx2="49" />
	</kerning>
	<kerning kpx1="916">
		<pair kern="-74" kpx2="933" />
		<pair kern="-55" kpx2="160" />
		<pair kern="-20" kpx2="920" />
		<pair kern="-74" kpx2="939" />
		<pair kern="-20" kpx2="927" />
		<pair kern="-58" kpx2="932" />
	</kerning>
	<kerning kpx1="952">
		<pair kern="-19" kpx2="955" />
	</kerning>
	<kerning kpx1="1042">
		<pair kern="-11" kpx2="1093" />
		<pair kern="-11" kpx2="1084" />
		<pair kern="-11" kpx2="1076" />
		<pair kern="-21" kpx2="1044" />
		<pair kern="-56" kpx2="1066" />
		<pair kern="-43" kpx2="1061" />
		<pair kern="-33" kpx2="1090" />
		<pair kern="-66" kpx2="1058" />
		<pair kern="-11" kpx2="1103" />
		<pair kern="-33" kpx2="1071" />
		<pair kern="-33" kpx2="1054" />
		<pair kern="-33" kpx2="1060" />
		<pair kern="-11" kpx2="1091" />
		<pair kern="-33" kpx2="1047" />
		<pair kern="-33" kpx2="1057" />
		<pair kern="-33" kpx2="1040" />
		<pair kern="-11" kpx2="1051" />
		<pair kern="-33" kpx2="1059" />
		<pair kern="-33" kpx2="1095" />
		<pair kern="-21" kpx2="1046" />
		<pair kern="-44" kpx2="1063" />
	</kerning>
	<kerning kpx1="902">
		<pair kern="-18" kpx2="967" />
		<pair kern="-74" kpx2="933" />
		<pair kern="-18" kpx2="957" />
		<pair kern="-20" kpx2="920" />
		<pair kern="-74" kpx2="939" />
		<pair kern="-20" kpx2="927" />
		<pair kern="-28" kpx2="934" />
		<pair kern="-74" kpx2="932" />
		<pair kern="-18" kpx2="947" />
	</kerning>
	<kerning kpx1="1078">
		<pair kern="11" kpx2="1091" />
		<pair kern="21" kpx2="1098" />
		<pair kern="-11" kpx2="1095" />
		<pair kern="11" kpx2="1073" />
	</kerning>
	<kerning kpx1="1068">
		<pair kern="-11" kpx2="1069" />
		<pair kern="-21" kpx2="1052" />
		<pair kern="-21" kpx2="1044" />
		<pair kern="-44" kpx2="1061" />
		<pair kern="-100" kpx2="1058" />
		<pair kern="-78" kpx2="8217" />
		<pair kern="-44" kpx2="1071" />
		<pair kern="-21" kpx2="1054" />
		<pair kern="-11" kpx2="1047" />
		<pair kern="-21" kpx2="1057" />
		<pair kern="-21" kpx2="1040" />
		<pair kern="-34" kpx2="1051" />
		<pair kern="-33" kpx2="1046" />
		<pair kern="-78" kpx2="1063" />
	</kerning>
	<kerning kpx1="1168">
		<pair kern="-21" kpx2="58" />
		<pair kern="-78" kpx2="171" />
		<pair kern="-21" kpx2="894" />
		<pair kern="-122" kpx2="46" />
		<pair kern="-78" kpx2="187" />
		<pair kern="-21" kpx2="8212" />
		<pair kern="-122" kpx2="44" />
	</kerning>
	<kerning kpx1="1093">
		<pair kern="-11" kpx2="1086" />
		<pair kern="-11" kpx2="1089" />
		<pair kern="-11" kpx2="1077" />
		<pair kern="-11" kpx2="1079" />
		<pair kern="-11" kpx2="1072" />
		<pair kern="-21" kpx2="1095" />
		<pair kern="-11" kpx2="1092" />
		<pair kern="-11" kpx2="1090" />
		<pair kern="-11" kpx2="1073" />
	</kerning>
	<kerning kpx1="1065">
		<pair kern="21" kpx2="1091" />
		<pair kern="11" kpx2="1072" />
	</kerning>
	<kerning kpx1="1076">
		<pair kern="11" kpx2="1101" />
		<pair kern="-21" kpx2="1098" />
	</kerning>
	<kerning kpx1="1102">
		<pair kern="-11" kpx2="1093" />
		<pair kern="-11" kpx2="1084" />
		<pair kern="-21" kpx2="1076" />
		<pair kern="-21" kpx2="1095" />
		<pair kern="-11" kpx2="1078" />
		<pair kern="-21" kpx2="1090" />
		<pair kern="-21" kpx2="1083" />
	</kerning>
	<kerning kpx1="1044">
		<pair kern="11" kpx2="1086" />
		<pair kern="-21" kpx2="1060" />
		<pair kern="33" kpx2="1079" />
		<pair kern="21" kpx2="1091" />
		<pair kern="11" kpx2="1059" />
		<pair kern="-34" kpx2="1063" />
	</kerning>
	<kerning kpx1="1043">
		<pair kern="-56" kpx2="1088" />
		<pair kern="-66" kpx2="1077" />
		<pair kern="-66" kpx2="171" />
		<pair kern="-56" kpx2="1085" />
		<pair kern="-56" kpx2="1080" />
		<pair kern="-66" kpx2="187" />
		<pair kern="-21" kpx2="8212" />
		<pair kern="-66" kpx2="1086" />
		<pair kern="-56" kpx2="1099" />
		<pair kern="-66" kpx2="1091" />
		<pair kern="-44" kpx2="1057" />
		<pair kern="-21" kpx2="1047" />
		<pair kern="-66" kpx2="1040" />
		<pair kern="-56" kpx2="1084" />
		<pair kern="-22" kpx2="1052" />
		<pair kern="-66" kpx2="1076" />
		<pair kern="-56" kpx2="1102" />
		<pair kern="-66" kpx2="1044" />
		<pair kern="-122" kpx2="44" />
		<pair kern="-66" kpx2="1103" />
		<pair kern="-33" kpx2="1071" />
		<pair kern="-56" kpx2="1054" />
		<pair kern="-56" kpx2="1074" />
		<pair kern="-56" kpx2="1072" />
		<pair kern="-56" kpx2="1051" />
		<pair kern="-56" kpx2="1100" />
		<pair kern="-122" kpx2="46" />
		<pair kern="-56" kpx2="1083" />
	</kerning>
	<kerning kpx1="8217">
		<pair kern="-37" kpx2="160" />
		<pair kern="-18" kpx2="115" />
		<pair kern="-18" kpx2="8217" />
	</kerning>
	<kerning kpx1="1054">
		<pair kern="-11" kpx2="1093" />
		<pair kern="-21" kpx2="1071" />
		<pair kern="-11" kpx2="1051" />
		<pair kern="-21" kpx2="1040" />
		<pair kern="-21" kpx2="1076" />
		<pair kern="-21" kpx2="1059" />
		<pair kern="-21" kpx2="1044" />
		<pair kern="-44" kpx2="1061" />
		<pair kern="-21" kpx2="1046" />
		<pair kern="-21" kpx2="1063" />
		<pair kern="-11" kpx2="1083" />
	</kerning>
	<kerning kpx1="911">
		<pair kern="-22" kpx2="933" />
		<pair kern="-22" kpx2="939" />
	</kerning>
	<kerning kpx1="1075">
		<pair kern="-11" kpx2="1103" />
		<pair kern="-21" kpx2="1086" />
		<pair kern="-21" kpx2="1089" />
		<pair kern="-21" kpx2="1077" />
		<pair kern="-11" kpx2="1079" />
		<pair kern="-21" kpx2="1072" />
		<pair kern="-44" kpx2="1076" />
		<pair kern="-122" kpx2="46" />
		<pair kern="-21" kpx2="1083" />
		<pair kern="-122" kpx2="44" />
	</kerning>
	<kerning kpx1="948">
		<pair kern="-14" kpx2="960" />
		<pair kern="-19" kpx2="955" />
		<pair kern="-26" kpx2="967" />
		<pair kern="-14" kpx2="964" />
	</kerning>
	<kerning kpx1="89">
		<pair kern="-91" kpx2="111" />
		<pair kern="-55" kpx2="58" />
		<pair kern="-74" kpx2="112" />
		<pair kern="-91" kpx2="113" />
		<pair kern="-55" kpx2="118" />
		<pair kern="-128" kpx2="44" />
		<pair kern="-37" kpx2="105" />
		<pair kern="-91" kpx2="173" />
		<pair kern="-74" kpx2="65" />
		<pair kern="-74" kpx2="97" />
		<pair kern="-18" kpx2="160" />
		<pair kern="-64" kpx2="894" />
		<pair kern="-55" kpx2="117" />
		<pair kern="-128" kpx2="46" />
		<pair kern="-91" kpx2="101" />
	</kerning>
</font-metrics>