<?xml version="1.0"  ?>
<install version="1.5" type="module">
	<name>mod_menu_easysdi</name>
	<version>1.0</version>
	<creationDate>March 2009</creationDate>
	<author>Depth.ch</author>
	<authorEmail>easysdi@depth.ch</authorEmail>
	<authorUrl>www.depth.ch</authorUrl>
	<copyright></copyright>
	<license>http://www.gnu.org/licenses/gpl-2.0.html GNU/GPL</license>
	<description>User menu for EasySDI Front End</description>
	<files>
		<filename module="mod_menu_easysdi">mod_menu_easysdi.php</filename>
	</files>

	<languages folder="./language/site">
		<language tag="fr-FR">fr-FR.mod_menu_easysdi.ini</language>
		<language tag="en-GB">en-GB.mod_menu_easysdi.ini</language>
	</languages>

<params>
<param name="moduleclass_sfx" type="text" default="" label="Module Class 
Suffix" description="PARAMMODULECLASSSUFFIX" />
</params>

</install>