<?xml version="1.0" encoding="UTF-8"?>
<extension method="upgrade" type="component" version="3.0.0">
  <name>com_easysdi_dashboard</name>
  <creationDate>15 August 2012</creationDate>
  <releaseDate>18 mars 2014</releaseDate>
  <copyright>Copyright (C) 2012. All rights reserved.</copyright>
  <license>GNU General Public License version 3 or later; see LICENSE.txt</license>
  <author>EasySDI Community</author>
  <authorEmail>contact@easysdi.org</authorEmail>
  <authorUrl>http://www.easysdi.org</authorUrl>
  <version>4.0.0-beta-5</version>
  <description />
  <scriptfile>script.php</scriptfile>
  <install>
    <sql>
      <file charset="utf8" driver="mysql">sql/install.mysql.utf8.sql</file>
      <file charset="utf8" driver="mysql">sql/insert.install.mysql.utf8.sql</file>
      <file charset="utf8" driver="mysql">sql/alter.install.mysql.utf8.sql</file>
    </sql>
  </install>
  <uninstall>
    <sql>
      <file charset="utf8" driver="mysql">sql/uninstall.mysql.utf8.sql</file>
    </sql>
  </uninstall>
  <update>
    <schemas>
      <schemapath type="mysql">sql/updates</schemapath>
    </schemas>
  </update>
  <administration>
    <menu img="components/com_easysdi_dashboard/assets/images/s_com_easysdi_core.ico">COM_EASYSDI_SOLUTION</menu>
    <files folder="administrator">
      <filename>access.xml</filename>
      <filename>config.xml</filename>
      <filename>controller.php</filename>
      <filename>index.html</filename>
      <filename>easysdi_dashboard.php</filename>
      <folder>assets</folder>
      <folder>controllers</folder>
      <folder>helpers</folder>
      <folder>indicators</folder>
      <folder>layouts</folder>
      <folder>libraries</folder>
      <folder>models</folder>
      <folder>sql</folder>
      <folder>views</folder>
    </files>
    <languages folder="administrator">
      <language tag="en-GB">language/en-GB/en-GB.com_easysdi_dashboard.ini</language>
      <language tag="en-GB">language/en-GB/en-GB.com_easysdi_dashboard.sys.ini</language>
      <language tag="fr-FR">language/fr-FR/fr-FR.com_easysdi_dashboard.ini</language>
      <language tag="fr-FR">language/fr-FR/fr-FR.com_easysdi_dashboard.sys.ini</language>
    </languages>
  </administration>
</extension>
