<?xml version="1.0" encoding="utf-8" ?><dwsync><file name="PIE.htc" server="ftp.90plan.ovh.net/www/" local="3392915695" remote="11983684832" /><file name="core.css" server="ftp.90plan.ovh.net/www/" local="3393757327" remote="11983684832" /><file name="grid.css" server="ftp.90plan.ovh.net/www/" local="3392915694" remote="11983684832" /><file name="ie.css" server="ftp.90plan.ovh.net/www/" local="3393789214" remote="16278683868" /><file name="ie6.css" server="ftp.90plan.ovh.net/www/" local="3392915695" remote="11983684832" /><file name="index.html" server="ftp.90plan.ovh.net/www/" local="3392915695" remote="11983684832" /><file name="layout.css" server="ftp.90plan.ovh.net/www/" local="3393423900" remote="11983684832" /><file name="templatestyle1.css" server="ftp.90plan.ovh.net/www/" local="3393757427" remote="11983684832" /><file name="templatestyle2.css" server="ftp.90plan.ovh.net/www/" local="3393757436" remote="11983684832" /><file name="templatestyle3.css" server="ftp.90plan.ovh.net/www/" local="3393757446" remote="11983684832" /><file name="templatestyle4.css" server="ftp.90plan.ovh.net/www/" local="3393757454" remote="11983684832" /><file name="templatestyle5.css" server="ftp.90plan.ovh.net/www/" local="3393757463" remote="11983684832" /><file name="templatestyle6.css" server="ftp.90plan.ovh.net/www/" local="3393782989" remote="16278677628" /></dwsync>