SET IDENTITY_INSERT [#__sdi_language] ON; 
INSERT [#__sdi_language] ([id], [ordering], [state], [value], [code], [gemet], [iso639-2T], [iso639-1], [iso3166-1-alpha2], [iso639-2B], [datatable]) VALUES (2, 0, 1, N'العربية', N'ar-DZ', N'ar', N'ara', N'ar', N'DZ', N'ara', N'Arabic');
INSERT [#__sdi_language] ([id], [ordering], [state], [value], [code], [gemet], [iso639-2T], [iso639-1], [iso3166-1-alpha2], [iso639-2B], [datatable]) VALUES (3, 0, 1, N'български език', N'bg-BG', N'bg', N'bul', N'bg', N'BG', N'bul', N'Bulgarian');
INSERT [#__sdi_language] ([id], [ordering], [state], [value], [code], [gemet], [iso639-2T], [iso639-1], [iso3166-1-alpha2], [iso639-2B], [datatable]) VALUES (4, 0, 1, N'català', N'ca-ES', N'ca', N'cat', N'ca', N'ES', N'cat', N'Catalan');
INSERT [#__sdi_language] ([id], [ordering], [state], [value], [code], [gemet], [iso639-2T], [iso639-1], [iso3166-1-alpha2], [iso639-2B], [datatable]) VALUES (5, 0, 1, N'čeština', N'cs-CZ', N'cs', N'ces', N'cs', N'CZ', N'cze', N'Czech');
INSERT [#__sdi_language] ([id], [ordering], [state], [value], [code], [gemet], [iso639-2T], [iso639-1], [iso3166-1-alpha2], [iso639-2B], [datatable]) VALUES (6, 0, 1, N'dansk', N'da-DK', N'da', N'dan', N'da', N'DK', N'dan', N'Danish');
INSERT [#__sdi_language] ([id], [ordering], [state], [value], [code], [gemet], [iso639-2T], [iso639-1], [iso3166-1-alpha2], [iso639-2B], [datatable]) VALUES (7, 0, 1, N'Deutsch', N'de-DE', N'de', N'deu', N'de', N'DE', N'ger', N'German');
INSERT [#__sdi_language] ([id], [ordering], [state], [value], [code], [gemet], [iso639-2T], [iso639-1], [iso3166-1-alpha2], [iso639-2B], [datatable]) VALUES (8, 0, 1, N'ελληνικά', N'el-GR', N'el', N'ell', N'el', N'GR', N'gre', N'Greek');
INSERT [#__sdi_language] ([id], [ordering], [state], [value], [code], [gemet], [iso639-2T], [iso639-1], [iso3166-1-alpha2], [iso639-2B], [datatable]) VALUES (10, 0, 1, N'English (UK)', N'en-GB', N'en', N'eng', N'en', N'GB', N'eng', N'English');
INSERT [#__sdi_language] ([id], [ordering], [state], [value], [code], [gemet], [iso639-2T], [iso639-1], [iso3166-1-alpha2], [iso639-2B], [datatable]) VALUES (11, 0, 1, N'English (US)', N'en-US', N'en-US', N'eng', N'en', N'US', N'eng', N'English');
INSERT [#__sdi_language] ([id], [ordering], [state], [value], [code], [gemet], [iso639-2T], [iso639-1], [iso3166-1-alpha2], [iso639-2B], [datatable]) VALUES (12, 0, 1, N'español', N'es-ES', N'es', N'spa', N'es', N'ES', N'spa', N'Spanish');
INSERT [#__sdi_language] ([id], [ordering], [state], [value], [code], [gemet], [iso639-2T], [iso639-1], [iso3166-1-alpha2], [iso639-2B], [datatable]) VALUES (13, 0, 1, N'eesti', N'et-EE', N'et', N'est', N'et', N'EE', N'est', N'Estonian');
INSERT [#__sdi_language] ([id], [ordering], [state], [value], [code], [gemet], [iso639-2T], [iso639-1], [iso3166-1-alpha2], [iso639-2B], [datatable]) VALUES (14, 0, 1, N'euskara', N'eu-ES', N'eu', N'eus', N'eu', N'ES', N'baq', N'Spanish');
INSERT [#__sdi_language] ([id], [ordering], [state], [value], [code], [gemet], [iso639-2T], [iso639-1], [iso3166-1-alpha2], [iso639-2B], [datatable]) VALUES (15, 0, 1, N'suomi', N'fi-FI', N'fi', N'fin', N'fi', N'FI', N'fin', N'Finnish');
INSERT [#__sdi_language] ([id], [ordering], [state], [value], [code], [gemet], [iso639-2T], [iso639-1], [iso3166-1-alpha2], [iso639-2B], [datatable]) VALUES (16, 0, 1, N'Français', N'fr-FR', N'fr', N'fra', N'fr', N'FR', N'fre', N'French');
INSERT [#__sdi_language] ([id], [ordering], [state], [value], [code], [gemet], [iso639-2T], [iso639-1], [iso3166-1-alpha2], [iso639-2B], [datatable]) VALUES (17, 0, 1, N'Gaeilge', N'ga-IE', N'ga', N'gle', N'ga', N'IE', N'gle', N'Irish');
INSERT [#__sdi_language] ([id], [ordering], [state], [value], [code], [gemet], [iso639-2T], [iso639-1], [iso3166-1-alpha2], [iso639-2B], [datatable]) VALUES (18, 0, 1, N'hrvatski jezik', N'hr-HR', N'hr', N'scr', N'hr', N'HR', N'hrv', N'Croatian');
INSERT [#__sdi_language] ([id], [ordering], [state], [value], [code], [gemet], [iso639-2T], [iso639-1], [iso3166-1-alpha2], [iso639-2B], [datatable]) VALUES (19, 0, 1, N'magyar', N'hu-HU', N'hu', N'hun', N'hu', N'HU', N'hun', N'Hungarian');
INSERT [#__sdi_language] ([id], [ordering], [state], [value], [code], [gemet], [iso639-2T], [iso639-1], [iso3166-1-alpha2], [iso639-2B], [datatable]) VALUES (20, 0, 1, N'italiano', N'it-IT', N'it', N'ita', N'it', N'IT', N'ita', N'Italian');
INSERT [#__sdi_language] ([id], [ordering], [state], [value], [code], [gemet], [iso639-2T], [iso639-1], [iso3166-1-alpha2], [iso639-2B], [datatable]) VALUES (21, 0, 1, N'lietuvių kalba', N'lt-LT', N'lt', N'lit', N'lt', N'LT', N'lit', N'Lithuanian');
INSERT [#__sdi_language] ([id], [ordering], [state], [value], [code], [gemet], [iso639-2T], [iso639-1], [iso3166-1-alpha2], [iso639-2B], [datatable]) VALUES (22, 0, 1, N'latviešu valoda', N'lv-LV', N'lv', N'lav', N'lv', N'LV', N'lav', N'Latvian');
INSERT [#__sdi_language] ([id], [ordering], [state], [value], [code], [gemet], [iso639-2T], [iso639-1], [iso3166-1-alpha2], [iso639-2B], [datatable]) VALUES (23, 0, 1, N'Malti', N'mt-MT', N'mt', N'mlt', N'mt', N'MT', N'mlt', N'English');
INSERT [#__sdi_language] ([id], [ordering], [state], [value], [code], [gemet], [iso639-2T], [iso639-1], [iso3166-1-alpha2], [iso639-2B], [datatable]) VALUES (24, 0, 1, N'Nederlands', N'nl-NL', N'nl', N'nld', N'nl', N'NL', N'dut', N'Dutch');
INSERT [#__sdi_language] ([id], [ordering], [state], [value], [code], [gemet], [iso639-2T], [iso639-1], [iso3166-1-alpha2], [iso639-2B], [datatable]) VALUES (25, 0, 1, N'Norsk', N'no-NO', N'no', N'nor', N'no', N'NO', N'nor', N'Norwegian');
INSERT [#__sdi_language] ([id], [ordering], [state], [value], [code], [gemet], [iso639-2T], [iso639-1], [iso3166-1-alpha2], [iso639-2B], [datatable]) VALUES (26, 0, 1, N'język polski', N'pl-PL', N'pl', N'pol', N'pl', N'PL', N'pol', N'Polish');
INSERT [#__sdi_language] ([id], [ordering], [state], [value], [code], [gemet], [iso639-2T], [iso639-1], [iso3166-1-alpha2], [iso639-2B], [datatable]) VALUES (27, 0, 1, N'português', N'pt-PT', N'pt', N'por', N'pt', N'PT', N'por', N'Portuguese');
INSERT [#__sdi_language] ([id], [ordering], [state], [value], [code], [gemet], [iso639-2T], [iso639-1], [iso3166-1-alpha2], [iso639-2B], [datatable]) VALUES (28, 0, 1, N'română', N'ro-RO', N'ro', N'ron', N'ro', N'RO', N'rum', N'Romanian');
INSERT [#__sdi_language] ([id], [ordering], [state], [value], [code], [gemet], [iso639-2T], [iso639-1], [iso3166-1-alpha2], [iso639-2B], [datatable]) VALUES (29, 0, 1, N'русский язык', N'ru-RU', N'ru', N'rus', N'ru', N'RU', N'rus', N'Russian');
INSERT [#__sdi_language] ([id], [ordering], [state], [value], [code], [gemet], [iso639-2T], [iso639-1], [iso3166-1-alpha2], [iso639-2B], [datatable]) VALUES (30, 0, 1, N'slovenčina', N'sk-SK', N'sk', N'slk', N'sk', N'SK', N'slo', N'Slovak');
INSERT [#__sdi_language] ([id], [ordering], [state], [value], [code], [gemet], [iso639-2T], [iso639-1], [iso3166-1-alpha2], [iso639-2B], [datatable]) VALUES (31, 0, 1, N'Svenska', N'sv-SE', N'sv', N'swe', N'sv', N'SE', N'swe', N'Swedish');
INSERT [#__sdi_language] ([id], [ordering], [state], [value], [code], [gemet], [iso639-2T], [iso639-1], [iso3166-1-alpha2], [iso639-2B], [datatable]) VALUES (32, 0, 1, N'Türkçe', N'tr-TR', N'tr', N'tur', N'tr', N'TR', N'tur', N'Turkish');
INSERT [#__sdi_language] ([id], [ordering], [state], [value], [code], [gemet], [iso639-2T], [iso639-1], [iso3166-1-alpha2], [iso639-2B], [datatable]) VALUES (33, 0, 1, N'українська мова', N'uk-UA', N'uk', N'ukr', N'uk', N'UA', N'ukr', N'Ukranian');
INSERT [#__sdi_language] ([id], [ordering], [state], [value], [code], [gemet], [iso639-2T], [iso639-1], [iso3166-1-alpha2], [iso639-2B], [datatable]) VALUES (34, 0, 1, N'Chinese', N'zh-CN', N'zh-CN', N'zho', N'zh', N'CN', N'chi', N'Chinese');
SET IDENTITY_INSERT [#__sdi_language] OFF;
DBCC checkident ([#__sdi_language], reseed);

SET IDENTITY_INSERT [#__sdi_sys_role] ON;
INSERT [#__sdi_sys_role] ([id], [ordering], [state], [value]) VALUES (1, 1, 1, N'member');
INSERT [#__sdi_sys_role] ([id], [ordering], [state], [value]) VALUES (2, 2, 1, N'resourcemanager');
INSERT [#__sdi_sys_role] ([id], [ordering], [state], [value]) VALUES (3, 3, 1, N'metadataresponsible');
INSERT [#__sdi_sys_role] ([id], [ordering], [state], [value]) VALUES (4, 4, 1, N'metadataeditor');
INSERT [#__sdi_sys_role] ([id], [ordering], [state], [value]) VALUES (5, 5, 1, N'diffusionmanager');
INSERT [#__sdi_sys_role] ([id], [ordering], [state], [value]) VALUES (6, 6, 1, N'previewmanager');
INSERT [#__sdi_sys_role] ([id], [ordering], [state], [value]) VALUES (7, 7, 1, N'extractionresponsible');
INSERT [#__sdi_sys_role] ([id], [ordering], [state], [value]) VALUES (9, 9, 1, N'pricingmanager');
INSERT [#__sdi_sys_role] ([id], [ordering], [state], [value]) VALUES (10, 10, 1, N'validationmanager');
INSERT [#__sdi_sys_role] ([id], [ordering], [state], [value]) VALUES (11, 11, 1, N'organismmanager');
SET IDENTITY_INSERT [#__sdi_sys_role] OFF;

SET IDENTITY_INSERT [#__sdi_sys_criteriatype] ON;
INSERT [#__sdi_sys_criteriatype] ([id], [ordering], [state], [value]) VALUES (1, 1, 1, N'system');
INSERT [#__sdi_sys_criteriatype] ([id], [ordering], [state], [value]) VALUES (2, 2, 1, N'relation');
INSERT [#__sdi_sys_criteriatype] ([id], [ordering], [state], [value]) VALUES (3, 3, 1, N'csw');
SET IDENTITY_INSERT [#__sdi_sys_criteriatype] OFF;
SET IDENTITY_INSERT [#__sdi_sys_rendertype] ON;
INSERT [#__sdi_sys_rendertype] ([id], [ordering], [state], [value]) VALUES (1, 1, 1, N'textarea');
INSERT [#__sdi_sys_rendertype] ([id], [ordering], [state], [value]) VALUES (2, 2, 1, N'checkbox');
INSERT [#__sdi_sys_rendertype] ([id], [ordering], [state], [value]) VALUES (3, 3, 1, N'radiobutton');
INSERT [#__sdi_sys_rendertype] ([id], [ordering], [state], [value]) VALUES (4, 4, 1, N'list');
INSERT [#__sdi_sys_rendertype] ([id], [ordering], [state], [value]) VALUES (5, 5, 1, N'textbox');
INSERT [#__sdi_sys_rendertype] ([id], [ordering], [state], [value]) VALUES (6, 6, 1, N'date');
INSERT [#__sdi_sys_rendertype] ([id], [ordering], [state], [value]) VALUES (7, 7, 1, N'datetime');
INSERT [#__sdi_sys_rendertype] ([id], [ordering], [state], [value]) VALUES (8, 8, 1, N'gemet');
INSERT [#__sdi_sys_rendertype] ([id], [ordering], [state], [value]) VALUES (9, 9, 1, N'upload');
INSERT [#__sdi_sys_rendertype] ([id], [ordering], [state], [value]) VALUES (10, 10, 1, N'url');
INSERT [#__sdi_sys_rendertype] ([id], [ordering], [state], [value]) VALUES (11, 11, 1, N'upload and url');
SET IDENTITY_INSERT [#__sdi_sys_rendertype] OFF;
SET IDENTITY_INSERT [#__sdi_sys_rendertype_criteriatype] ON;
INSERT [#__sdi_sys_rendertype_criteriatype] ([id], [criteriatype_id], [rendertype_id]) VALUES (1, 3, 5);
INSERT [#__sdi_sys_rendertype_criteriatype] ([id], [criteriatype_id], [rendertype_id]) VALUES (2, 3, 6);
INSERT [#__sdi_sys_rendertype_criteriatype] ([id], [criteriatype_id], [rendertype_id]) VALUES (3, 3, 2);
SET IDENTITY_INSERT [#__sdi_sys_rendertype_criteriatype] OFF;
SET IDENTITY_INSERT [#__sdi_sys_entity] ON;
INSERT [#__sdi_sys_entity] ([id], [ordering], [state], [value]) VALUES (1, 1, 1, N'attribute');
INSERT [#__sdi_sys_entity] ([id], [ordering], [state], [value]) VALUES (2, 2, 1, N'class');
SET IDENTITY_INSERT [#__sdi_sys_entity] OFF;
SET IDENTITY_INSERT [#__sdi_sys_stereotype] ON;
INSERT [#__sdi_sys_stereotype] ([id], [ordering], [state], [value], [defaultpattern], [isocode], [namespace_id], [entity_id]) VALUES (1, 1, 1, N'guid', N'^[a-zA-Z0-9]{8}-[a-zA-Z0-9]{4}-[a-zA-Z0-9]{4}-[a-zA-Z0-9]{4}-[a-zA-Z0-9]{12}$', N'CharacterString', 2, 1);
INSERT [#__sdi_sys_stereotype] ([id], [ordering], [state], [value], [defaultpattern], [isocode], [namespace_id], [entity_id]) VALUES (2, 2, 1, N'text', N'', N'CharacterString', 2, 1);
INSERT [#__sdi_sys_stereotype] ([id], [ordering], [state], [value], [defaultpattern], [isocode], [namespace_id], [entity_id]) VALUES (3, 3, 1, N'locale', N'', NULL, NULL, 1);
INSERT [#__sdi_sys_stereotype] ([id], [ordering], [state], [value], [defaultpattern], [isocode], [namespace_id], [entity_id]) VALUES (4, 4, 1, N'number', N'^[\-+]?[0-9.]+$', N'Decimal', 2, 1);
INSERT [#__sdi_sys_stereotype] ([id], [ordering], [state], [value], [defaultpattern], [isocode], [namespace_id], [entity_id]) VALUES (5, 5, 1, N'date', N'^([0-9]{4}-[0-9]{2}-[0-9]{2})$', N'Date', 2, 1);
INSERT [#__sdi_sys_stereotype] ([id], [ordering], [state], [value], [defaultpattern], [isocode], [namespace_id], [entity_id]) VALUES (6, 6, 1, N'list', N'', NULL, NULL, 1);
INSERT [#__sdi_sys_stereotype] ([id], [ordering], [state], [value], [defaultpattern], [isocode], [namespace_id], [entity_id]) VALUES (7, 7, 1, N'link', N'((http:\/\/|https:\/\/|ftp:\/\/)(www.)?(([a-zA-Z0-9-]){2,}.){1,4}([a-zA-Z]){2,6}(\/([a-zA-Z-_\/.0-9#:?=&;,]*)?)?)|^([a-z0-9_\.-]+)@([\da-z\.-]+)\.([a-z\.]{2,6})$', N'URL', 1, 1);
INSERT [#__sdi_sys_stereotype] ([id], [ordering], [state], [value], [defaultpattern], [isocode], [namespace_id], [entity_id]) VALUES (8, 8, 1, N'datetime', N'^([0-9]{4}-[0-9]{2}-[0-9]{2})$', N'DateTime', 2, 1);
INSERT [#__sdi_sys_stereotype] ([id], [ordering], [state], [value], [defaultpattern], [isocode], [namespace_id], [entity_id]) VALUES (9, 9, 1, N'textchoice', N'', N'CharacterString', 2, 1);
INSERT [#__sdi_sys_stereotype] ([id], [ordering], [state], [value], [defaultpattern], [isocode], [namespace_id], [entity_id]) VALUES (10, 10, 1, N'localechoice', N'', NULL, NULL, 1);
INSERT [#__sdi_sys_stereotype] ([id], [ordering], [state], [value], [defaultpattern], [isocode], [namespace_id], [entity_id]) VALUES (11, 11, 1, N'gemet', NULL, NULL, NULL, 1);
INSERT [#__sdi_sys_stereotype] ([id], [ordering], [state], [value], [defaultpattern], [isocode], [namespace_id], [entity_id]) VALUES (12, 12, 1, N'distance', N'^[\-+]?[0-9.]*[0-9]([Ee]\-?[0-9.]*[0-9])?$', N'Distance', 2, 1);
INSERT [#__sdi_sys_stereotype] ([id], [ordering], [state], [value], [defaultpattern], [isocode], [namespace_id], [entity_id]) VALUES (13, 13, 1, N'integer', N'^[\-+]?[0-9]+$', N'Integer', 2, 1);
INSERT [#__sdi_sys_stereotype] ([id], [ordering], [state], [value], [defaultpattern], [isocode], [namespace_id], [entity_id]) VALUES (14, 14, 1, N'file', N'', N'CharacterString', 2, 1);
INSERT [#__sdi_sys_stereotype] ([id], [ordering], [state], [value], [defaultpattern], [isocode], [namespace_id], [entity_id]) VALUES (15, 15, 1, N'geographicextent', NULL, NULL, NULL, 2);
SET IDENTITY_INSERT [#__sdi_sys_stereotype] OFF;

INSERT [roles] ([ID_ROLE], [NAME], [RANK]) VALUES (1, N'ROLE_ADMIN', 1);
INSERT [roles] ([ID_ROLE], [NAME], [RANK]) VALUES (2, N'ROLE_USER', 3);
INSERT [users] ([LOGIN], [PASSWORD], [ID_ROLE], [EXPIRATION], [ENABLED], [LOCKED]) VALUES (N'Admin', N'adm', 1, NULL, 1, 0);
INSERT [users] ([LOGIN], [PASSWORD], [ID_ROLE], [EXPIRATION], [ENABLED], [LOCKED]) VALUES (N'user', N'usr', 2, NULL, 1, 0);
INSERT [service_methods] ([ID_SERVICE_METHOD], [NAME]) VALUES (1, N'GetCapabilities');
INSERT [service_methods] ([ID_SERVICE_METHOD], [NAME]) VALUES (2, N'GetMap');
INSERT [service_methods] ([ID_SERVICE_METHOD], [NAME]) VALUES (3, N'GetFeature');
INSERT [service_methods] ([ID_SERVICE_METHOD], [NAME]) VALUES (4, N'GetRecordById');
INSERT [service_methods] ([ID_SERVICE_METHOD], [NAME]) VALUES (5, N'GetTile');
INSERT [service_methods] ([ID_SERVICE_METHOD], [NAME]) VALUES (6, N'GetRecords');
INSERT [service_methods] ([ID_SERVICE_METHOD], [NAME]) VALUES (7, N'GetCoverage');
INSERT [service_methods] ([ID_SERVICE_METHOD], [NAME]) VALUES (8, N'DescribeSensor');
INSERT [service_methods] ([ID_SERVICE_METHOD], [NAME]) VALUES (9, N'SOAP 1.1');
INSERT [service_methods] ([ID_SERVICE_METHOD], [NAME]) VALUES (10, N'SOAP 1.2');
INSERT [service_methods] ([ID_SERVICE_METHOD], [NAME]) VALUES (11, N'HTTP POST');
INSERT [service_methods] ([ID_SERVICE_METHOD], [NAME]) VALUES (12, N'HTTP GET');
INSERT [service_types] ([ID_SERVICE_TYPE], [NAME], [VERSION]) VALUES (1, N'WMS', N'1.1.1');
INSERT [service_types] ([ID_SERVICE_TYPE], [NAME], [VERSION]) VALUES (2, N'WFS', N'1.1.0');
INSERT [service_types] ([ID_SERVICE_TYPE], [NAME], [VERSION]) VALUES (4, N'WMTS', N'1.0.0');
INSERT [service_types] ([ID_SERVICE_TYPE], [NAME], [VERSION]) VALUES (5, N'CSW', N'2.0.2');
INSERT [service_types] ([ID_SERVICE_TYPE], [NAME], [VERSION]) VALUES (6, N'SOS', N'1.0.0');
INSERT [service_types] ([ID_SERVICE_TYPE], [NAME], [VERSION]) VALUES (7, N'WCS', N'1.0.0');
INSERT [service_types] ([ID_SERVICE_TYPE], [NAME], [VERSION]) VALUES (8, N'ALL', N'0');
INSERT [service_types_methods] ([ID_SERVICE_TYPE], [ID_SERVICE_METHOD]) VALUES (1, 1);
INSERT [service_types_methods] ([ID_SERVICE_TYPE], [ID_SERVICE_METHOD]) VALUES (2, 1);
INSERT [service_types_methods] ([ID_SERVICE_TYPE], [ID_SERVICE_METHOD]) VALUES (4, 1);
INSERT [service_types_methods] ([ID_SERVICE_TYPE], [ID_SERVICE_METHOD]) VALUES (5, 1);
INSERT [service_types_methods] ([ID_SERVICE_TYPE], [ID_SERVICE_METHOD]) VALUES (6, 1);
INSERT [service_types_methods] ([ID_SERVICE_TYPE], [ID_SERVICE_METHOD]) VALUES (7, 1);
INSERT [service_types_methods] ([ID_SERVICE_TYPE], [ID_SERVICE_METHOD]) VALUES (8, 1);
INSERT [service_types_methods] ([ID_SERVICE_TYPE], [ID_SERVICE_METHOD]) VALUES (1, 2);
INSERT [service_types_methods] ([ID_SERVICE_TYPE], [ID_SERVICE_METHOD]) VALUES (8, 2);
INSERT [service_types_methods] ([ID_SERVICE_TYPE], [ID_SERVICE_METHOD]) VALUES (2, 3);
INSERT [service_types_methods] ([ID_SERVICE_TYPE], [ID_SERVICE_METHOD]) VALUES (8, 3);
INSERT [service_types_methods] ([ID_SERVICE_TYPE], [ID_SERVICE_METHOD]) VALUES (5, 4);
INSERT [service_types_methods] ([ID_SERVICE_TYPE], [ID_SERVICE_METHOD]) VALUES (8, 4);
INSERT [service_types_methods] ([ID_SERVICE_TYPE], [ID_SERVICE_METHOD]) VALUES (4, 5);
INSERT [service_types_methods] ([ID_SERVICE_TYPE], [ID_SERVICE_METHOD]) VALUES (8, 5);
INSERT [service_types_methods] ([ID_SERVICE_TYPE], [ID_SERVICE_METHOD]) VALUES (5, 6);
INSERT [service_types_methods] ([ID_SERVICE_TYPE], [ID_SERVICE_METHOD]) VALUES (8, 6);
INSERT [service_types_methods] ([ID_SERVICE_TYPE], [ID_SERVICE_METHOD]) VALUES (7, 7);
INSERT [service_types_methods] ([ID_SERVICE_TYPE], [ID_SERVICE_METHOD]) VALUES (8, 7);
INSERT [service_types_methods] ([ID_SERVICE_TYPE], [ID_SERVICE_METHOD]) VALUES (6, 8);
INSERT [service_types_methods] ([ID_SERVICE_TYPE], [ID_SERVICE_METHOD]) VALUES (8, 8);
INSERT [service_types_methods] ([ID_SERVICE_TYPE], [ID_SERVICE_METHOD]) VALUES (8, 9);
INSERT [service_types_methods] ([ID_SERVICE_TYPE], [ID_SERVICE_METHOD]) VALUES (8, 10);
INSERT [service_types_methods] ([ID_SERVICE_TYPE], [ID_SERVICE_METHOD]) VALUES (8, 11);
INSERT [service_types_methods] ([ID_SERVICE_TYPE], [ID_SERVICE_METHOD]) VALUES (8, 12);
SET IDENTITY_INSERT [#__sdi_sys_rendertype_stereotype] ON;
INSERT [#__sdi_sys_rendertype_stereotype] ([id], [stereotype_id], [rendertype_id]) VALUES (1, 1, 5);
INSERT [#__sdi_sys_rendertype_stereotype] ([id], [stereotype_id], [rendertype_id]) VALUES (2, 2, 1);
INSERT [#__sdi_sys_rendertype_stereotype] ([id], [stereotype_id], [rendertype_id]) VALUES (3, 2, 5);
INSERT [#__sdi_sys_rendertype_stereotype] ([id], [stereotype_id], [rendertype_id]) VALUES (4, 3, 1);
INSERT [#__sdi_sys_rendertype_stereotype] ([id], [stereotype_id], [rendertype_id]) VALUES (5, 3, 5);
INSERT [#__sdi_sys_rendertype_stereotype] ([id], [stereotype_id], [rendertype_id]) VALUES (6, 4, 1);
INSERT [#__sdi_sys_rendertype_stereotype] ([id], [stereotype_id], [rendertype_id]) VALUES (7, 4, 5);
INSERT [#__sdi_sys_rendertype_stereotype] ([id], [stereotype_id], [rendertype_id]) VALUES (8, 5, 6);
INSERT [#__sdi_sys_rendertype_stereotype] ([id], [stereotype_id], [rendertype_id]) VALUES (9, 6, 2);
INSERT [#__sdi_sys_rendertype_stereotype] ([id], [stereotype_id], [rendertype_id]) VALUES (10, 6, 3);
INSERT [#__sdi_sys_rendertype_stereotype] ([id], [stereotype_id], [rendertype_id]) VALUES (11, 6, 4);
INSERT [#__sdi_sys_rendertype_stereotype] ([id], [stereotype_id], [rendertype_id]) VALUES (12, 7, 1);
INSERT [#__sdi_sys_rendertype_stereotype] ([id], [stereotype_id], [rendertype_id]) VALUES (13, 7, 5);
INSERT [#__sdi_sys_rendertype_stereotype] ([id], [stereotype_id], [rendertype_id]) VALUES (14, 8, 6);
INSERT [#__sdi_sys_rendertype_stereotype] ([id], [stereotype_id], [rendertype_id]) VALUES (16, 9, 4);
INSERT [#__sdi_sys_rendertype_stereotype] ([id], [stereotype_id], [rendertype_id]) VALUES (17, 10, 4);
INSERT [#__sdi_sys_rendertype_stereotype] ([id], [stereotype_id], [rendertype_id]) VALUES (18, 12, 5);
INSERT [#__sdi_sys_rendertype_stereotype] ([id], [stereotype_id], [rendertype_id]) VALUES (19, 13, 5);
INSERT [#__sdi_sys_rendertype_stereotype] ([id], [stereotype_id], [rendertype_id]) VALUES (21, 11, 8);
INSERT [#__sdi_sys_rendertype_stereotype] ([id], [stereotype_id], [rendertype_id]) VALUES (22, 14, 9);
INSERT [#__sdi_sys_rendertype_stereotype] ([id], [stereotype_id], [rendertype_id]) VALUES (23, 14, 10);
INSERT [#__sdi_sys_rendertype_stereotype] ([id], [stereotype_id], [rendertype_id]) VALUES (24, 14, 11);
SET IDENTITY_INSERT [#__sdi_sys_rendertype_stereotype] OFF;
SET IDENTITY_INSERT [#__sdi_sys_accessscope] ON;
INSERT [#__sdi_sys_accessscope] ([id], [ordering], [state], [value]) VALUES (1, 1, 1, N'public');
INSERT [#__sdi_sys_accessscope] ([id], [ordering], [state], [value]) VALUES (3, 2, 1, N'organism');
INSERT [#__sdi_sys_accessscope] ([id], [ordering], [state], [value]) VALUES (4, 3, 1, N'user');
INSERT [#__sdi_sys_accessscope] ([id], [ordering], [state], [value]) VALUES (2, 4, 1, N'category');
SET IDENTITY_INSERT [#__sdi_sys_accessscope] OFF;

INSERT [action_types] ([ID_ACTION_TYPE], [NAME]) VALUES (1, N'E-MAIL');
INSERT [action_types] ([ID_ACTION_TYPE], [NAME]) VALUES (2, N'RSS');
INSERT [http_methods] ([ID_HTTP_METHOD], [NAME]) VALUES (1, N'GET');
INSERT [http_methods] ([ID_HTTP_METHOD], [NAME]) VALUES (2, N'POST');
INSERT [job_defaults] ([ID_PARAM], [COLUMN_NAME], [STRING_VALUE], [VALUE_TYPE]) VALUES (1, N'IS_PUBLIC', N'false', N'bool');
INSERT [job_defaults] ([ID_PARAM], [COLUMN_NAME], [STRING_VALUE], [VALUE_TYPE]) VALUES (2, N'IS_AUTOMATIC', N'false', N'bool');
INSERT [job_defaults] ([ID_PARAM], [COLUMN_NAME], [STRING_VALUE], [VALUE_TYPE]) VALUES (3, N'ALLOWS_REALTIME', N'true', N'bool');
INSERT [job_defaults] ([ID_PARAM], [COLUMN_NAME], [STRING_VALUE], [VALUE_TYPE]) VALUES (4, N'TRIGGERS_ALERTS', N'false', N'bool');
INSERT [job_defaults] ([ID_PARAM], [COLUMN_NAME], [STRING_VALUE], [VALUE_TYPE]) VALUES (5, N'TEST_INTERVAL', N'3600', N'int');
INSERT [job_defaults] ([ID_PARAM], [COLUMN_NAME], [STRING_VALUE], [VALUE_TYPE]) VALUES (6, N'TIMEOUT', N'30', N'int');
INSERT [job_defaults] ([ID_PARAM], [COLUMN_NAME], [STRING_VALUE], [VALUE_TYPE]) VALUES (7, N'BUSINESS_ERRORS', N'true', N'bool');
INSERT [job_defaults] ([ID_PARAM], [COLUMN_NAME], [STRING_VALUE], [VALUE_TYPE]) VALUES (8, N'HTTP_ERRORS', N'true', N'bool');
INSERT [job_defaults] ([ID_PARAM], [COLUMN_NAME], [STRING_VALUE], [VALUE_TYPE]) VALUES (9, N'SLA_START_TIME', N'08:00:00', N'time');
INSERT [job_defaults] ([ID_PARAM], [COLUMN_NAME], [STRING_VALUE], [VALUE_TYPE]) VALUES (10, N'SLA_END_TIME', N'18:00:00', N'time');
INSERT [job_defaults] ([ID_PARAM], [COLUMN_NAME], [STRING_VALUE], [VALUE_TYPE]) VALUES (11, N'RUN_SIMULATANEOUS', N'false', N'bool');
INSERT [job_defaults] ([ID_PARAM], [COLUMN_NAME], [STRING_VALUE], [VALUE_TYPE]) VALUES (12, N'SAVE_RESPONSE', N'false', N'bool');
SET IDENTITY_INSERT [#__sdi_sys_addresstype] ON;
INSERT [#__sdi_sys_addresstype] ([id], [ordering], [state], [value]) VALUES (1, 1, 1, N'contact');
INSERT [#__sdi_sys_addresstype] ([id], [ordering], [state], [value]) VALUES (2, 2, 1, N'billing');
INSERT [#__sdi_sys_addresstype] ([id], [ordering], [state], [value]) VALUES (3, 3, 1, N'delivry');
SET IDENTITY_INSERT [#__sdi_sys_addresstype] OFF;
SET IDENTITY_INSERT [#__sdi_sys_authenticationconnector] ON;
INSERT [#__sdi_sys_authenticationconnector] ([id], [ordering], [state], [authenticationlevel_id], [value]) VALUES (1, 1, 1, 1, N'HTTPBasic');
INSERT [#__sdi_sys_authenticationconnector] ([id], [ordering], [state], [authenticationlevel_id], [value]) VALUES (2, 2, 1, 2, N'Geonetwork');
SET IDENTITY_INSERT [#__sdi_sys_authenticationconnector] OFF;
SET IDENTITY_INSERT [#__sdi_sys_authenticationlevel] ON;
INSERT [#__sdi_sys_authenticationlevel] ([id], [ordering], [state], [value]) VALUES (1, 1, 1, N'resource');
INSERT [#__sdi_sys_authenticationlevel] ([id], [ordering], [state], [value]) VALUES (2, 2, 1, N'service');
SET IDENTITY_INSERT [#__sdi_sys_authenticationlevel] OFF;
SET IDENTITY_INSERT [#__sdi_sys_country] ON;
INSERT [#__sdi_sys_country] ([id], [ordering], [state], [name], [iso2], [iso3]) VALUES (1, 1, 1, N'Afghanistan', N'AF', N'AFG');
INSERT [#__sdi_sys_country] ([id], [ordering], [state], [name], [iso2], [iso3]) VALUES (2, 2, 1, N'Åland Islands', N'AX', N'ALA');
INSERT [#__sdi_sys_country] ([id], [ordering], [state], [name], [iso2], [iso3]) VALUES (3, 3, 1, N'Albania', N'AL', N'ALB');
INSERT [#__sdi_sys_country] ([id], [ordering], [state], [name], [iso2], [iso3]) VALUES (4, 4, 1, N'Algeria (El Djazaïr)', N'DZ', N'DZA');
INSERT [#__sdi_sys_country] ([id], [ordering], [state], [name], [iso2], [iso3]) VALUES (5, 5, 1, N'American Samoa', N'AS', N'ASM');
INSERT [#__sdi_sys_country] ([id], [ordering], [state], [name], [iso2], [iso3]) VALUES (6, 6, 1, N'Andorra', N'AD', N'AND');
INSERT [#__sdi_sys_country] ([id], [ordering], [state], [name], [iso2], [iso3]) VALUES (7, 7, 1, N'Angola', N'AO', N'AGO');
INSERT [#__sdi_sys_country] ([id], [ordering], [state], [name], [iso2], [iso3]) VALUES (8, 8, 1, N'Anguilla', N'AI', N'AIA');
INSERT [#__sdi_sys_country] ([id], [ordering], [state], [name], [iso2], [iso3]) VALUES (9, 9, 1, N'Antarctica', N'AQ', N'ATA');
INSERT [#__sdi_sys_country] ([id], [ordering], [state], [name], [iso2], [iso3]) VALUES (10, 10, 1, N'Antigua and Barbuda', N'AG', N'ATG');
INSERT [#__sdi_sys_country] ([id], [ordering], [state], [name], [iso2], [iso3]) VALUES (11, 11, 1, N'Argentina', N'AR', N'ARG');
INSERT [#__sdi_sys_country] ([id], [ordering], [state], [name], [iso2], [iso3]) VALUES (12, 12, 1, N'Armenia', N'AM', N'ARM');
INSERT [#__sdi_sys_country] ([id], [ordering], [state], [name], [iso2], [iso3]) VALUES (13, 13, 1, N'Aruba', N'AW', N'ABW');
INSERT [#__sdi_sys_country] ([id], [ordering], [state], [name], [iso2], [iso3]) VALUES (14, 14, 1, N'Australia', N'AU', N'AUS');
INSERT [#__sdi_sys_country] ([id], [ordering], [state], [name], [iso2], [iso3]) VALUES (15, 15, 1, N'Austria', N'AT', N'AUT');
INSERT [#__sdi_sys_country] ([id], [ordering], [state], [name], [iso2], [iso3]) VALUES (16, 16, 1, N'Azerbaijan', N'AZ', N'AZE');
INSERT [#__sdi_sys_country] ([id], [ordering], [state], [name], [iso2], [iso3]) VALUES (17, 17, 1, N'Bahamas', N'BS', N'BHS');
INSERT [#__sdi_sys_country] ([id], [ordering], [state], [name], [iso2], [iso3]) VALUES (18, 18, 1, N'Bahrain', N'BH', N'BHR');
INSERT [#__sdi_sys_country] ([id], [ordering], [state], [name], [iso2], [iso3]) VALUES (19, 19, 1, N'Bangladesh', N'BD', N'BGD');
INSERT [#__sdi_sys_country] ([id], [ordering], [state], [name], [iso2], [iso3]) VALUES (20, 20, 1, N'Barbados', N'BB', N'BRB');
INSERT [#__sdi_sys_country] ([id], [ordering], [state], [name], [iso2], [iso3]) VALUES (21, 21, 1, N'Belarus', N'BY', N'BLR');
INSERT [#__sdi_sys_country] ([id], [ordering], [state], [name], [iso2], [iso3]) VALUES (22, 22, 1, N'Belgium', N'BE', N'BEL');
INSERT [#__sdi_sys_country] ([id], [ordering], [state], [name], [iso2], [iso3]) VALUES (23, 23, 1, N'Belize', N'BZ', N'BLZ');
INSERT [#__sdi_sys_country] ([id], [ordering], [state], [name], [iso2], [iso3]) VALUES (24, 24, 1, N'Benin', N'BJ', N'BEN');
INSERT [#__sdi_sys_country] ([id], [ordering], [state], [name], [iso2], [iso3]) VALUES (25, 25, 1, N'Bermuda', N'BM', N'BMU');
INSERT [#__sdi_sys_country] ([id], [ordering], [state], [name], [iso2], [iso3]) VALUES (26, 26, 1, N'Bhutan', N'BT', N'BTN');
INSERT [#__sdi_sys_country] ([id], [ordering], [state], [name], [iso2], [iso3]) VALUES (27, 27, 1, N'Bolivia', N'BO', N'BOL');
INSERT [#__sdi_sys_country] ([id], [ordering], [state], [name], [iso2], [iso3]) VALUES (28, 28, 1, N'Bosnia and Herzegovina', N'BA', N'BIH');
INSERT [#__sdi_sys_country] ([id], [ordering], [state], [name], [iso2], [iso3]) VALUES (29, 29, 1, N'Botswana', N'BW', N'BWA');
INSERT [#__sdi_sys_country] ([id], [ordering], [state], [name], [iso2], [iso3]) VALUES (30, 30, 1, N'Bouvet Island', N'BV', N'BVT');
INSERT [#__sdi_sys_country] ([id], [ordering], [state], [name], [iso2], [iso3]) VALUES (31, 31, 1, N'Brazil', N'BR', N'BRA');
INSERT [#__sdi_sys_country] ([id], [ordering], [state], [name], [iso2], [iso3]) VALUES (32, 32, 1, N'British Indian Ocean Territory', N'IO', N'IOT');
INSERT [#__sdi_sys_country] ([id], [ordering], [state], [name], [iso2], [iso3]) VALUES (33, 33, 1, N'Brunei Darussalam', N'BN', N'BRN');
INSERT [#__sdi_sys_country] ([id], [ordering], [state], [name], [iso2], [iso3]) VALUES (34, 34, 1, N'Bulgaria', N'BG', N'BGR');
INSERT [#__sdi_sys_country] ([id], [ordering], [state], [name], [iso2], [iso3]) VALUES (35, 35, 1, N'Burkina Faso', N'BF', N'BFA');
INSERT [#__sdi_sys_country] ([id], [ordering], [state], [name], [iso2], [iso3]) VALUES (36, 36, 1, N'Burundi', N'BI', N'BDI');
INSERT [#__sdi_sys_country] ([id], [ordering], [state], [name], [iso2], [iso3]) VALUES (37, 37, 1, N'Cambodia', N'KH', N'KHM');
INSERT [#__sdi_sys_country] ([id], [ordering], [state], [name], [iso2], [iso3]) VALUES (38, 38, 1, N'Cameroon', N'CM', N'CMR');
INSERT [#__sdi_sys_country] ([id], [ordering], [state], [name], [iso2], [iso3]) VALUES (39, 39, 1, N'Canada', N'CA', N'CAN');
INSERT [#__sdi_sys_country] ([id], [ordering], [state], [name], [iso2], [iso3]) VALUES (40, 40, 1, N'Cape Verde', N'CV', N'CPV');
INSERT [#__sdi_sys_country] ([id], [ordering], [state], [name], [iso2], [iso3]) VALUES (41, 41, 1, N'Cayman Islands', N'KY', N'CYM');
INSERT [#__sdi_sys_country] ([id], [ordering], [state], [name], [iso2], [iso3]) VALUES (42, 42, 1, N'Central African Republic', N'CF', N'CAF');
INSERT [#__sdi_sys_country] ([id], [ordering], [state], [name], [iso2], [iso3]) VALUES (43, 43, 1, N'Chad (T''Chad)', N'TD', N'TCD');
INSERT [#__sdi_sys_country] ([id], [ordering], [state], [name], [iso2], [iso3]) VALUES (44, 44, 1, N'Chile', N'CL', N'CHL');
INSERT [#__sdi_sys_country] ([id], [ordering], [state], [name], [iso2], [iso3]) VALUES (45, 45, 1, N'China', N'CN', N'CHN');
INSERT [#__sdi_sys_country] ([id], [ordering], [state], [name], [iso2], [iso3]) VALUES (46, 46, 1, N'Christmas Island', N'CX', N'CXR');
INSERT [#__sdi_sys_country] ([id], [ordering], [state], [name], [iso2], [iso3]) VALUES (47, 47, 1, N'Cocos (Keeling) Islands', N'CC', N'CCK');
INSERT [#__sdi_sys_country] ([id], [ordering], [state], [name], [iso2], [iso3]) VALUES (48, 48, 1, N'Colombia', N'CO', N'COL');
INSERT [#__sdi_sys_country] ([id], [ordering], [state], [name], [iso2], [iso3]) VALUES (49, 49, 1, N'Comoros', N'KM', N'COM');
INSERT [#__sdi_sys_country] ([id], [ordering], [state], [name], [iso2], [iso3]) VALUES (50, 50, 1, N'Congo, Republic Of', N'CG', N'COG');
INSERT [#__sdi_sys_country] ([id], [ordering], [state], [name], [iso2], [iso3]) VALUES (51, 51, 1, N'Congo, The Democratic Republic of the (formerly Zaire)', N'CD', N'COD');
INSERT [#__sdi_sys_country] ([id], [ordering], [state], [name], [iso2], [iso3]) VALUES (52, 52, 1, N'Cook Islands', N'CK', N'COK');
INSERT [#__sdi_sys_country] ([id], [ordering], [state], [name], [iso2], [iso3]) VALUES (53, 53, 1, N'Costa Rica', N'CR', N'CRI');
INSERT [#__sdi_sys_country] ([id], [ordering], [state], [name], [iso2], [iso3]) VALUES (54, 54, 1, N'CÔte D''Ivoire (Ivory Coast)', N'CI', N'CIV');
INSERT [#__sdi_sys_country] ([id], [ordering], [state], [name], [iso2], [iso3]) VALUES (55, 55, 1, N'Croatia (hrvatska)', N'HR', N'HRV');
INSERT [#__sdi_sys_country] ([id], [ordering], [state], [name], [iso2], [iso3]) VALUES (56, 56, 1, N'Cuba', N'CU', N'CUB');
INSERT [#__sdi_sys_country] ([id], [ordering], [state], [name], [iso2], [iso3]) VALUES (57, 57, 1, N'Cyprus', N'CY', N'CYP');
INSERT [#__sdi_sys_country] ([id], [ordering], [state], [name], [iso2], [iso3]) VALUES (58, 58, 1, N'Czech Republic', N'CZ', N'CZE');
INSERT [#__sdi_sys_country] ([id], [ordering], [state], [name], [iso2], [iso3]) VALUES (59, 59, 1, N'Denmark', N'DK', N'DNK');
INSERT [#__sdi_sys_country] ([id], [ordering], [state], [name], [iso2], [iso3]) VALUES (60, 60, 1, N'Djibouti', N'DJ', N'DJI');
INSERT [#__sdi_sys_country] ([id], [ordering], [state], [name], [iso2], [iso3]) VALUES (61, 61, 1, N'Dominica', N'DM', N'DMA');
INSERT [#__sdi_sys_country] ([id], [ordering], [state], [name], [iso2], [iso3]) VALUES (62, 62, 1, N'Dominican Republic', N'DO', N'DOM');
INSERT [#__sdi_sys_country] ([id], [ordering], [state], [name], [iso2], [iso3]) VALUES (63, 63, 1, N'Ecuador', N'EC', N'ECU');
INSERT [#__sdi_sys_country] ([id], [ordering], [state], [name], [iso2], [iso3]) VALUES (64, 64, 1, N'Egypt', N'EG', N'EGY');
INSERT [#__sdi_sys_country] ([id], [ordering], [state], [name], [iso2], [iso3]) VALUES (65, 65, 1, N'El Salvador', N'SV', N'SLV');
INSERT [#__sdi_sys_country] ([id], [ordering], [state], [name], [iso2], [iso3]) VALUES (66, 66, 1, N'Equatorial Guinea', N'GQ', N'GNQ');
INSERT [#__sdi_sys_country] ([id], [ordering], [state], [name], [iso2], [iso3]) VALUES (67, 67, 1, N'Eritrea', N'ER', N'ERI');
INSERT [#__sdi_sys_country] ([id], [ordering], [state], [name], [iso2], [iso3]) VALUES (68, 68, 1, N'Estonia', N'EE', N'EST');
INSERT [#__sdi_sys_country] ([id], [ordering], [state], [name], [iso2], [iso3]) VALUES (69, 69, 1, N'Ethiopia', N'ET', N'ETH');
INSERT [#__sdi_sys_country] ([id], [ordering], [state], [name], [iso2], [iso3]) VALUES (70, 70, 1, N'Faeroe Islands', N'FO', N'FRO');
INSERT [#__sdi_sys_country] ([id], [ordering], [state], [name], [iso2], [iso3]) VALUES (71, 71, 1, N'Falkland Islands (Malvinas)', N'FK', N'FLK');
INSERT [#__sdi_sys_country] ([id], [ordering], [state], [name], [iso2], [iso3]) VALUES (72, 72, 1, N'Fiji', N'FJ', N'FJI');
INSERT [#__sdi_sys_country] ([id], [ordering], [state], [name], [iso2], [iso3]) VALUES (73, 73, 1, N'Finland', N'FI', N'FIN');
INSERT [#__sdi_sys_country] ([id], [ordering], [state], [name], [iso2], [iso3]) VALUES (74, 74, 1, N'France', N'FR', N'FRA');
INSERT [#__sdi_sys_country] ([id], [ordering], [state], [name], [iso2], [iso3]) VALUES (75, 75, 1, N'French Guiana', N'GF', N'GUF');
INSERT [#__sdi_sys_country] ([id], [ordering], [state], [name], [iso2], [iso3]) VALUES (76, 76, 1, N'French Polynesia', N'PF', N'PYF');
INSERT [#__sdi_sys_country] ([id], [ordering], [state], [name], [iso2], [iso3]) VALUES (77, 77, 1, N'French Southern Territories', N'TF', N'ATF');
INSERT [#__sdi_sys_country] ([id], [ordering], [state], [name], [iso2], [iso3]) VALUES (78, 78, 1, N'Gabon', N'GA', N'GAB');
INSERT [#__sdi_sys_country] ([id], [ordering], [state], [name], [iso2], [iso3]) VALUES (79, 79, 1, N'Gambia, The', N'GM', N'GMB');
INSERT [#__sdi_sys_country] ([id], [ordering], [state], [name], [iso2], [iso3]) VALUES (80, 80, 1, N'Georgia', N'GE', N'GEO');
INSERT [#__sdi_sys_country] ([id], [ordering], [state], [name], [iso2], [iso3]) VALUES (81, 81, 1, N'Germany (Deutschland)', N'DE', N'DEU');
INSERT [#__sdi_sys_country] ([id], [ordering], [state], [name], [iso2], [iso3]) VALUES (82, 82, 1, N'Ghana', N'GH', N'GHA');
INSERT [#__sdi_sys_country] ([id], [ordering], [state], [name], [iso2], [iso3]) VALUES (83, 83, 1, N'Gibraltar', N'GI', N'GIB');
INSERT [#__sdi_sys_country] ([id], [ordering], [state], [name], [iso2], [iso3]) VALUES (84, 84, 1, N'Great Britain', N'GB', N'GBR');
INSERT [#__sdi_sys_country] ([id], [ordering], [state], [name], [iso2], [iso3]) VALUES (85, 85, 1, N'Greece', N'GR', N'GRC');
INSERT [#__sdi_sys_country] ([id], [ordering], [state], [name], [iso2], [iso3]) VALUES (86, 86, 1, N'Greenland', N'GL', N'GRL');
INSERT [#__sdi_sys_country] ([id], [ordering], [state], [name], [iso2], [iso3]) VALUES (87, 87, 1, N'Grenada', N'GD', N'GRD');
INSERT [#__sdi_sys_country] ([id], [ordering], [state], [name], [iso2], [iso3]) VALUES (88, 88, 1, N'Guadeloupe', N'GP', N'GLP');
INSERT [#__sdi_sys_country] ([id], [ordering], [state], [name], [iso2], [iso3]) VALUES (89, 89, 1, N'Guam', N'GU', N'GUM');
INSERT [#__sdi_sys_country] ([id], [ordering], [state], [name], [iso2], [iso3]) VALUES (90, 90, 1, N'Guatemala', N'GT', N'GTM');
INSERT [#__sdi_sys_country] ([id], [ordering], [state], [name], [iso2], [iso3]) VALUES (91, 91, 1, N'Guinea', N'GN', N'GIN');
INSERT [#__sdi_sys_country] ([id], [ordering], [state], [name], [iso2], [iso3]) VALUES (92, 92, 1, N'Guinea-bissau', N'GW', N'GNB');
INSERT [#__sdi_sys_country] ([id], [ordering], [state], [name], [iso2], [iso3]) VALUES (93, 93, 1, N'Guyana', N'GY', N'GUY');
INSERT [#__sdi_sys_country] ([id], [ordering], [state], [name], [iso2], [iso3]) VALUES (94, 94, 1, N'Haiti', N'HT', N'HTI');
INSERT [#__sdi_sys_country] ([id], [ordering], [state], [name], [iso2], [iso3]) VALUES (95, 95, 1, N'Heard Island and Mcdonald Islands', N'HM', N'HMD');
INSERT [#__sdi_sys_country] ([id], [ordering], [state], [name], [iso2], [iso3]) VALUES (96, 96, 1, N'Honduras', N'HN', N'HND');
INSERT [#__sdi_sys_country] ([id], [ordering], [state], [name], [iso2], [iso3]) VALUES (97, 97, 1, N'Hong Kong (Special Administrative Region of China)', N'HK', N'HKG');
INSERT [#__sdi_sys_country] ([id], [ordering], [state], [name], [iso2], [iso3]) VALUES (98, 98, 1, N'Hungary', N'HU', N'HUN');
INSERT [#__sdi_sys_country] ([id], [ordering], [state], [name], [iso2], [iso3]) VALUES (99, 99, 1, N'Iceland', N'IS', N'ISL');
INSERT [#__sdi_sys_country] ([id], [ordering], [state], [name], [iso2], [iso3]) VALUES (100, 100, 1, N'India', N'IN', N'IND');
INSERT [#__sdi_sys_country] ([id], [ordering], [state], [name], [iso2], [iso3]) VALUES (101, 101, 1, N'Indonesia', N'ID', N'IDN');
INSERT [#__sdi_sys_country] ([id], [ordering], [state], [name], [iso2], [iso3]) VALUES (102, 102, 1, N'Iran (Islamic Republic of Iran)', N'IR', N'IRN');
INSERT [#__sdi_sys_country] ([id], [ordering], [state], [name], [iso2], [iso3]) VALUES (103, 103, 1, N'Iraq', N'IQ', N'IRQ');
INSERT [#__sdi_sys_country] ([id], [ordering], [state], [name], [iso2], [iso3]) VALUES (104, 104, 1, N'Ireland', N'IE', N'IRL');
INSERT [#__sdi_sys_country] ([id], [ordering], [state], [name], [iso2], [iso3]) VALUES (105, 105, 1, N'Israel', N'IL', N'ISR');
INSERT [#__sdi_sys_country] ([id], [ordering], [state], [name], [iso2], [iso3]) VALUES (106, 106, 1, N'Italy', N'IT', N'ITA');
INSERT [#__sdi_sys_country] ([id], [ordering], [state], [name], [iso2], [iso3]) VALUES (107, 107, 1, N'Jamaica', N'JM', N'JAM');
INSERT [#__sdi_sys_country] ([id], [ordering], [state], [name], [iso2], [iso3]) VALUES (108, 108, 1, N'Japan', N'JP', N'JPN');
INSERT [#__sdi_sys_country] ([id], [ordering], [state], [name], [iso2], [iso3]) VALUES (109, 109, 1, N'Jordan (Hashemite Kingdom of Jordan)', N'JO', N'JOR');
INSERT [#__sdi_sys_country] ([id], [ordering], [state], [name], [iso2], [iso3]) VALUES (110, 110, 1, N'Kazakhstan', N'KZ', N'KAZ');
INSERT [#__sdi_sys_country] ([id], [ordering], [state], [name], [iso2], [iso3]) VALUES (111, 111, 1, N'Kenya', N'KE', N'KEN');
INSERT [#__sdi_sys_country] ([id], [ordering], [state], [name], [iso2], [iso3]) VALUES (112, 112, 1, N'Kiribati', N'KI', N'KIR');
INSERT [#__sdi_sys_country] ([id], [ordering], [state], [name], [iso2], [iso3]) VALUES (113, 113, 1, N'Korea (Democratic Peoples Republic pf [North] Korea)', N'KP', N'PRK');
INSERT [#__sdi_sys_country] ([id], [ordering], [state], [name], [iso2], [iso3]) VALUES (114, 114, 1, N'Korea (Republic of [South] Korea)', N'KR', N'KOR');
INSERT [#__sdi_sys_country] ([id], [ordering], [state], [name], [iso2], [iso3]) VALUES (115, 115, 1, N'Kuwait', N'KW', N'KWT');
INSERT [#__sdi_sys_country] ([id], [ordering], [state], [name], [iso2], [iso3]) VALUES (116, 116, 1, N'Kyrgyzstan', N'KG', N'KGZ');
INSERT [#__sdi_sys_country] ([id], [ordering], [state], [name], [iso2], [iso3]) VALUES (117, 117, 1, N'Lao People''s Democratic Republic', N'LA', N'LAO');
INSERT [#__sdi_sys_country] ([id], [ordering], [state], [name], [iso2], [iso3]) VALUES (118, 118, 1, N'Latvia', N'LV', N'LVA');
INSERT [#__sdi_sys_country] ([id], [ordering], [state], [name], [iso2], [iso3]) VALUES (119, 119, 1, N'Lebanon', N'LB', N'LBN');
INSERT [#__sdi_sys_country] ([id], [ordering], [state], [name], [iso2], [iso3]) VALUES (120, 120, 1, N'Lesotho', N'LS', N'LSO');
INSERT [#__sdi_sys_country] ([id], [ordering], [state], [name], [iso2], [iso3]) VALUES (121, 121, 1, N'Liberia', N'LR', N'LBR');
INSERT [#__sdi_sys_country] ([id], [ordering], [state], [name], [iso2], [iso3]) VALUES (122, 122, 1, N'Libya (Libyan Arab Jamahirya)', N'LY', N'LBY');
INSERT [#__sdi_sys_country] ([id], [ordering], [state], [name], [iso2], [iso3]) VALUES (123, 123, 1, N'Liechtenstein (Fürstentum Liechtenstein)', N'LI', N'LIE');
INSERT [#__sdi_sys_country] ([id], [ordering], [state], [name], [iso2], [iso3]) VALUES (124, 124, 1, N'Lithuania', N'LT', N'LTU');
INSERT [#__sdi_sys_country] ([id], [ordering], [state], [name], [iso2], [iso3]) VALUES (125, 125, 1, N'Luxembourg', N'LU', N'LUX');
INSERT [#__sdi_sys_country] ([id], [ordering], [state], [name], [iso2], [iso3]) VALUES (126, 126, 1, N'Macao (Special Administrative Region of China)', N'MO', N'MAC');
INSERT [#__sdi_sys_country] ([id], [ordering], [state], [name], [iso2], [iso3]) VALUES (127, 127, 1, N'Macedonia (Former Yugoslav Republic of Macedonia)', N'MK', N'MKD');
INSERT [#__sdi_sys_country] ([id], [ordering], [state], [name], [iso2], [iso3]) VALUES (128, 128, 1, N'Madagascar', N'MG', N'MDG');
INSERT [#__sdi_sys_country] ([id], [ordering], [state], [name], [iso2], [iso3]) VALUES (129, 129, 1, N'Malawi', N'MW', N'MWI');
INSERT [#__sdi_sys_country] ([id], [ordering], [state], [name], [iso2], [iso3]) VALUES (130, 130, 1, N'Malaysia', N'MY', N'MYS');
INSERT [#__sdi_sys_country] ([id], [ordering], [state], [name], [iso2], [iso3]) VALUES (131, 131, 1, N'Maldives', N'MV', N'MDV');
INSERT [#__sdi_sys_country] ([id], [ordering], [state], [name], [iso2], [iso3]) VALUES (132, 132, 1, N'Mali', N'ML', N'MLI');
INSERT [#__sdi_sys_country] ([id], [ordering], [state], [name], [iso2], [iso3]) VALUES (133, 133, 1, N'Malta', N'MT', N'MLT');
INSERT [#__sdi_sys_country] ([id], [ordering], [state], [name], [iso2], [iso3]) VALUES (134, 134, 1, N'Marshall Islands', N'MH', N'MHL');
INSERT [#__sdi_sys_country] ([id], [ordering], [state], [name], [iso2], [iso3]) VALUES (135, 135, 1, N'Martinique', N'MQ', N'MTQ');
INSERT [#__sdi_sys_country] ([id], [ordering], [state], [name], [iso2], [iso3]) VALUES (136, 136, 1, N'Mauritania', N'MR', N'MRT');
INSERT [#__sdi_sys_country] ([id], [ordering], [state], [name], [iso2], [iso3]) VALUES (137, 137, 1, N'Mauritius', N'MU', N'MUS');
INSERT [#__sdi_sys_country] ([id], [ordering], [state], [name], [iso2], [iso3]) VALUES (138, 138, 1, N'Mayotte', N'YT', N'MYT');
INSERT [#__sdi_sys_country] ([id], [ordering], [state], [name], [iso2], [iso3]) VALUES (139, 139, 1, N'Mexico', N'MX', N'MEX');
INSERT [#__sdi_sys_country] ([id], [ordering], [state], [name], [iso2], [iso3]) VALUES (140, 140, 1, N'Micronesia (Federated States of Micronesia)', N'FM', N'FSM');
INSERT [#__sdi_sys_country] ([id], [ordering], [state], [name], [iso2], [iso3]) VALUES (141, 141, 1, N'Moldova', N'MD', N'MDA');
INSERT [#__sdi_sys_country] ([id], [ordering], [state], [name], [iso2], [iso3]) VALUES (142, 142, 1, N'Monaco', N'MC', N'MCO');
INSERT [#__sdi_sys_country] ([id], [ordering], [state], [name], [iso2], [iso3]) VALUES (143, 143, 1, N'Mongolia', N'MN', N'MNG');
INSERT [#__sdi_sys_country] ([id], [ordering], [state], [name], [iso2], [iso3]) VALUES (144, 144, 1, N'Montserrat', N'MS', N'MSR');
INSERT [#__sdi_sys_country] ([id], [ordering], [state], [name], [iso2], [iso3]) VALUES (145, 145, 1, N'Morocco', N'MA', N'MAR');
INSERT [#__sdi_sys_country] ([id], [ordering], [state], [name], [iso2], [iso3]) VALUES (146, 146, 1, N'Mozambique (Moçambique)', N'MZ', N'MOZ');
INSERT [#__sdi_sys_country] ([id], [ordering], [state], [name], [iso2], [iso3]) VALUES (147, 147, 1, N'Myanmar (formerly Burma)', N'MM', N'MMR');
INSERT [#__sdi_sys_country] ([id], [ordering], [state], [name], [iso2], [iso3]) VALUES (148, 148, 1, N'Namibia', N'NA', N'NAM');
INSERT [#__sdi_sys_country] ([id], [ordering], [state], [name], [iso2], [iso3]) VALUES (149, 149, 1, N'Nauru', N'NR', N'NRU');
INSERT [#__sdi_sys_country] ([id], [ordering], [state], [name], [iso2], [iso3]) VALUES (150, 150, 1, N'Nepal', N'NP', N'NPL');
INSERT [#__sdi_sys_country] ([id], [ordering], [state], [name], [iso2], [iso3]) VALUES (151, 151, 1, N'Netherlands', N'NL', N'NLD');
INSERT [#__sdi_sys_country] ([id], [ordering], [state], [name], [iso2], [iso3]) VALUES (152, 152, 1, N'Netherlands Antilles', N'AN', N'ANT');
INSERT [#__sdi_sys_country] ([id], [ordering], [state], [name], [iso2], [iso3]) VALUES (153, 153, 1, N'New Caledonia', N'NC', N'NCL');
INSERT [#__sdi_sys_country] ([id], [ordering], [state], [name], [iso2], [iso3]) VALUES (154, 154, 1, N'New Zealand', N'NZ', N'NZL');
INSERT [#__sdi_sys_country] ([id], [ordering], [state], [name], [iso2], [iso3]) VALUES (155, 155, 1, N'Nicaragua', N'NI', N'NIC');
INSERT [#__sdi_sys_country] ([id], [ordering], [state], [name], [iso2], [iso3]) VALUES (156, 156, 1, N'Niger', N'NE', N'NER');
INSERT [#__sdi_sys_country] ([id], [ordering], [state], [name], [iso2], [iso3]) VALUES (157, 157, 1, N'Nigeria', N'NG', N'NGA');
INSERT [#__sdi_sys_country] ([id], [ordering], [state], [name], [iso2], [iso3]) VALUES (158, 158, 1, N'Niue', N'NU', N'NIU');
INSERT [#__sdi_sys_country] ([id], [ordering], [state], [name], [iso2], [iso3]) VALUES (159, 159, 1, N'Norfolk Island', N'NF', N'NFK');
INSERT [#__sdi_sys_country] ([id], [ordering], [state], [name], [iso2], [iso3]) VALUES (160, 160, 1, N'Northern Mariana Islands', N'MP', N'MNP');
INSERT [#__sdi_sys_country] ([id], [ordering], [state], [name], [iso2], [iso3]) VALUES (161, 161, 1, N'Norway', N'NO', N'NOR');
INSERT [#__sdi_sys_country] ([id], [ordering], [state], [name], [iso2], [iso3]) VALUES (162, 162, 1, N'Oman', N'OM', N'OMN');
INSERT [#__sdi_sys_country] ([id], [ordering], [state], [name], [iso2], [iso3]) VALUES (163, 163, 1, N'Pakistan', N'PK', N'PAK');
INSERT [#__sdi_sys_country] ([id], [ordering], [state], [name], [iso2], [iso3]) VALUES (164, 164, 1, N'Palau', N'PW', N'PLW');
INSERT [#__sdi_sys_country] ([id], [ordering], [state], [name], [iso2], [iso3]) VALUES (165, 165, 1, N'Palestinian Territories', N'PS', N'PSE');
INSERT [#__sdi_sys_country] ([id], [ordering], [state], [name], [iso2], [iso3]) VALUES (166, 166, 1, N'Panama', N'PA', N'PAN');
INSERT [#__sdi_sys_country] ([id], [ordering], [state], [name], [iso2], [iso3]) VALUES (167, 167, 1, N'Papua New Guinea', N'PG', N'PNG');
INSERT [#__sdi_sys_country] ([id], [ordering], [state], [name], [iso2], [iso3]) VALUES (168, 168, 1, N'Paraguay', N'PY', N'PRY');
INSERT [#__sdi_sys_country] ([id], [ordering], [state], [name], [iso2], [iso3]) VALUES (169, 169, 1, N'Peru', N'PE', N'PER');
INSERT [#__sdi_sys_country] ([id], [ordering], [state], [name], [iso2], [iso3]) VALUES (170, 170, 1, N'Philippines', N'PH', N'PHL');
INSERT [#__sdi_sys_country] ([id], [ordering], [state], [name], [iso2], [iso3]) VALUES (171, 171, 1, N'Pitcairn', N'PN', N'PCN');
INSERT [#__sdi_sys_country] ([id], [ordering], [state], [name], [iso2], [iso3]) VALUES (172, 172, 1, N'Poland', N'PL', N'POL');
INSERT [#__sdi_sys_country] ([id], [ordering], [state], [name], [iso2], [iso3]) VALUES (173, 173, 1, N'Portugal', N'PT', N'PRT');
INSERT [#__sdi_sys_country] ([id], [ordering], [state], [name], [iso2], [iso3]) VALUES (174, 174, 1, N'Puerto Rico', N'PR', N'PRI');
INSERT [#__sdi_sys_country] ([id], [ordering], [state], [name], [iso2], [iso3]) VALUES (175, 175, 1, N'Qatar', N'QA', N'QAT');
INSERT [#__sdi_sys_country] ([id], [ordering], [state], [name], [iso2], [iso3]) VALUES (176, 176, 1, N'RÉunion', N'RE', N'REU');
INSERT [#__sdi_sys_country] ([id], [ordering], [state], [name], [iso2], [iso3]) VALUES (177, 177, 1, N'Romania', N'RO', N'ROU');
INSERT [#__sdi_sys_country] ([id], [ordering], [state], [name], [iso2], [iso3]) VALUES (178, 178, 1, N'Russian Federation', N'RU', N'RUS');
INSERT [#__sdi_sys_country] ([id], [ordering], [state], [name], [iso2], [iso3]) VALUES (179, 179, 1, N'Rwanda', N'RW', N'RWA');
INSERT [#__sdi_sys_country] ([id], [ordering], [state], [name], [iso2], [iso3]) VALUES (180, 180, 1, N'Saint Helena', N'SH', N'SHN');
INSERT [#__sdi_sys_country] ([id], [ordering], [state], [name], [iso2], [iso3]) VALUES (181, 181, 1, N'Saint Kitts and Nevis', N'KN', N'KNA');
INSERT [#__sdi_sys_country] ([id], [ordering], [state], [name], [iso2], [iso3]) VALUES (182, 182, 1, N'Saint Lucia', N'LC', N'LCA');
INSERT [#__sdi_sys_country] ([id], [ordering], [state], [name], [iso2], [iso3]) VALUES (183, 183, 1, N'Saint Pierre and Miquelon', N'PM', N'SPM');
INSERT [#__sdi_sys_country] ([id], [ordering], [state], [name], [iso2], [iso3]) VALUES (184, 184, 1, N'Saint Vincent and the Grenadines', N'VC', N'VCT');
INSERT [#__sdi_sys_country] ([id], [ordering], [state], [name], [iso2], [iso3]) VALUES (185, 185, 1, N'Samoa (formerly Western Samoa)', N'WS', N'WSM');
INSERT [#__sdi_sys_country] ([id], [ordering], [state], [name], [iso2], [iso3]) VALUES (186, 186, 1, N'San Marino (Republic of)', N'SM', N'SMR');
INSERT [#__sdi_sys_country] ([id], [ordering], [state], [name], [iso2], [iso3]) VALUES (187, 187, 1, N'Sao Tome and Principe', N'ST', N'STP');
INSERT [#__sdi_sys_country] ([id], [ordering], [state], [name], [iso2], [iso3]) VALUES (188, 188, 1, N'Saudi Arabia (Kingdom of Saudi Arabia)', N'SA', N'SAU');
INSERT [#__sdi_sys_country] ([id], [ordering], [state], [name], [iso2], [iso3]) VALUES (189, 189, 1, N'Senegal', N'SN', N'SEN');
INSERT [#__sdi_sys_country] ([id], [ordering], [state], [name], [iso2], [iso3]) VALUES (190, 190, 1, N'Serbia and Montenegro (formerly Yugoslavia)', N'CS', N'SCG');
INSERT [#__sdi_sys_country] ([id], [ordering], [state], [name], [iso2], [iso3]) VALUES (191, 191, 1, N'Seychelles', N'SC', N'SYC');
INSERT [#__sdi_sys_country] ([id], [ordering], [state], [name], [iso2], [iso3]) VALUES (192, 192, 1, N'Sierra Leone', N'SL', N'SLE');
INSERT [#__sdi_sys_country] ([id], [ordering], [state], [name], [iso2], [iso3]) VALUES (193, 193, 1, N'Singapore', N'SG', N'SGP');
INSERT [#__sdi_sys_country] ([id], [ordering], [state], [name], [iso2], [iso3]) VALUES (194, 194, 1, N'Slovakia (Slovak Republic)', N'SK', N'SVK');
INSERT [#__sdi_sys_country] ([id], [ordering], [state], [name], [iso2], [iso3]) VALUES (195, 195, 1, N'Slovenia', N'SI', N'SVN');
INSERT [#__sdi_sys_country] ([id], [ordering], [state], [name], [iso2], [iso3]) VALUES (196, 196, 1, N'Solomon Islands', N'SB', N'SLB');
INSERT [#__sdi_sys_country] ([id], [ordering], [state], [name], [iso2], [iso3]) VALUES (197, 197, 1, N'Somalia', N'SO', N'SOM');
INSERT [#__sdi_sys_country] ([id], [ordering], [state], [name], [iso2], [iso3]) VALUES (198, 198, 1, N'South Africa (zuid Afrika)', N'ZA', N'ZAF');
INSERT [#__sdi_sys_country] ([id], [ordering], [state], [name], [iso2], [iso3]) VALUES (199, 199, 1, N'South Georgia and the South Sandwich Islands', N'GS', N'SGS');
INSERT [#__sdi_sys_country] ([id], [ordering], [state], [name], [iso2], [iso3]) VALUES (200, 200, 1, N'Spain (españa)', N'ES', N'ESP');
INSERT [#__sdi_sys_country] ([id], [ordering], [state], [name], [iso2], [iso3]) VALUES (201, 201, 1, N'Sri Lanka', N'LK', N'LKA');
INSERT [#__sdi_sys_country] ([id], [ordering], [state], [name], [iso2], [iso3]) VALUES (202, 202, 1, N'Sudan', N'SD', N'SDN');
INSERT [#__sdi_sys_country] ([id], [ordering], [state], [name], [iso2], [iso3]) VALUES (203, 203, 1, N'Suriname', N'SR', N'SUR');
INSERT [#__sdi_sys_country] ([id], [ordering], [state], [name], [iso2], [iso3]) VALUES (204, 204, 1, N'Svalbard and Jan Mayen', N'SJ', N'SJM');
INSERT [#__sdi_sys_country] ([id], [ordering], [state], [name], [iso2], [iso3]) VALUES (205, 205, 1, N'Swaziland', N'SZ', N'SWZ');
INSERT [#__sdi_sys_country] ([id], [ordering], [state], [name], [iso2], [iso3]) VALUES (206, 206, 1, N'Sweden', N'SE', N'SWE');
INSERT [#__sdi_sys_country] ([id], [ordering], [state], [name], [iso2], [iso3]) VALUES (207, 207, 1, N'Switzerland (Confederation of Helvetia)', N'CH', N'CHE');
INSERT [#__sdi_sys_country] ([id], [ordering], [state], [name], [iso2], [iso3]) VALUES (208, 208, 1, N'Syrian Arab Republic', N'SY', N'SYR');
INSERT [#__sdi_sys_country] ([id], [ordering], [state], [name], [iso2], [iso3]) VALUES (209, 209, 1, N'Taiwan ("Chinese Taipei" for IOC)', N'TW', N'TWN');
INSERT [#__sdi_sys_country] ([id], [ordering], [state], [name], [iso2], [iso3]) VALUES (210, 210, 1, N'Tajikistan', N'TJ', N'TJK');
INSERT [#__sdi_sys_country] ([id], [ordering], [state], [name], [iso2], [iso3]) VALUES (211, 211, 1, N'Tanzania', N'TZ', N'TZA');
INSERT [#__sdi_sys_country] ([id], [ordering], [state], [name], [iso2], [iso3]) VALUES (212, 212, 1, N'Thailand', N'TH', N'THA');
INSERT [#__sdi_sys_country] ([id], [ordering], [state], [name], [iso2], [iso3]) VALUES (213, 213, 1, N'Timor-Leste (formerly East Timor)', N'TL', N'TLS');
INSERT [#__sdi_sys_country] ([id], [ordering], [state], [name], [iso2], [iso3]) VALUES (214, 214, 1, N'Togo', N'TG', N'TGO');
INSERT [#__sdi_sys_country] ([id], [ordering], [state], [name], [iso2], [iso3]) VALUES (215, 215, 1, N'Tokelau', N'TK', N'TKL');
INSERT [#__sdi_sys_country] ([id], [ordering], [state], [name], [iso2], [iso3]) VALUES (216, 216, 1, N'Tonga', N'TO', N'TON');
INSERT [#__sdi_sys_country] ([id], [ordering], [state], [name], [iso2], [iso3]) VALUES (217, 217, 1, N'Trinidad and Tobago', N'TT', N'TTO');
INSERT [#__sdi_sys_country] ([id], [ordering], [state], [name], [iso2], [iso3]) VALUES (218, 218, 1, N'Tunisia', N'TN', N'TUN');
INSERT [#__sdi_sys_country] ([id], [ordering], [state], [name], [iso2], [iso3]) VALUES (219, 219, 1, N'Turkey', N'TR', N'TUR');
INSERT [#__sdi_sys_country] ([id], [ordering], [state], [name], [iso2], [iso3]) VALUES (220, 220, 1, N'Turkmenistan', N'TM', N'TKM');
INSERT [#__sdi_sys_country] ([id], [ordering], [state], [name], [iso2], [iso3]) VALUES (221, 221, 1, N'Turks and Caicos Islands', N'TC', N'TCA');
INSERT [#__sdi_sys_country] ([id], [ordering], [state], [name], [iso2], [iso3]) VALUES (222, 222, 1, N'Tuvalu', N'TV', N'TUV');
INSERT [#__sdi_sys_country] ([id], [ordering], [state], [name], [iso2], [iso3]) VALUES (223, 223, 1, N'Uganda', N'UG', N'UGA');
INSERT [#__sdi_sys_country] ([id], [ordering], [state], [name], [iso2], [iso3]) VALUES (224, 224, 1, N'Ukraine', N'UA', N'UKR');
INSERT [#__sdi_sys_country] ([id], [ordering], [state], [name], [iso2], [iso3]) VALUES (225, 225, 1, N'United Arab Emirates', N'AE', N'ARE');
INSERT [#__sdi_sys_country] ([id], [ordering], [state], [name], [iso2], [iso3]) VALUES (226, 226, 1, N'United Kingdom (Great Britain)', N'GB', N'GBR');
INSERT [#__sdi_sys_country] ([id], [ordering], [state], [name], [iso2], [iso3]) VALUES (227, 227, 1, N'United States', N'US', N'USA');
INSERT [#__sdi_sys_country] ([id], [ordering], [state], [name], [iso2], [iso3]) VALUES (228, 228, 1, N'United States Minor Outlying Islands', N'UM', N'UMI');
INSERT [#__sdi_sys_country] ([id], [ordering], [state], [name], [iso2], [iso3]) VALUES (229, 229, 1, N'Uruguay', N'UY', N'URY');
INSERT [#__sdi_sys_country] ([id], [ordering], [state], [name], [iso2], [iso3]) VALUES (230, 230, 1, N'Uzbekistan', N'UZ', N'UZB');
INSERT [#__sdi_sys_country] ([id], [ordering], [state], [name], [iso2], [iso3]) VALUES (231, 231, 1, N'Vanuatu', N'VU', N'VUT');
INSERT [#__sdi_sys_country] ([id], [ordering], [state], [name], [iso2], [iso3]) VALUES (232, 232, 1, N'Vatican City (Holy See)', N'VA', N'VAT');
INSERT [#__sdi_sys_country] ([id], [ordering], [state], [name], [iso2], [iso3]) VALUES (233, 233, 1, N'Venezuela', N'VE', N'VEN');
INSERT [#__sdi_sys_country] ([id], [ordering], [state], [name], [iso2], [iso3]) VALUES (234, 234, 1, N'Viet Nam', N'VN', N'VNM');
INSERT [#__sdi_sys_country] ([id], [ordering], [state], [name], [iso2], [iso3]) VALUES (235, 235, 1, N'Virgin Islands, British', N'VG', N'VGB');
INSERT [#__sdi_sys_country] ([id], [ordering], [state], [name], [iso2], [iso3]) VALUES (236, 236, 1, N'Virgin Islands, U.S.', N'VI', N'VIR');
INSERT [#__sdi_sys_country] ([id], [ordering], [state], [name], [iso2], [iso3]) VALUES (237, 237, 1, N'Wallis and Futuna', N'WF', N'WLF');
INSERT [#__sdi_sys_country] ([id], [ordering], [state], [name], [iso2], [iso3]) VALUES (238, 238, 1, N'Western Sahara (formerly Spanish Sahara)', N'EH', N'ESH');
INSERT [#__sdi_sys_country] ([id], [ordering], [state], [name], [iso2], [iso3]) VALUES (239, 239, 1, N'Yemen (Arab Republic)', N'YE', N'YEM');
INSERT [#__sdi_sys_country] ([id], [ordering], [state], [name], [iso2], [iso3]) VALUES (240, 240, 1, N'Zambia', N'ZM', N'ZMB');
INSERT [#__sdi_sys_country] ([id], [ordering], [state], [name], [iso2], [iso3]) VALUES (241, 241, 1, N'Zimbabwe', N'ZW', N'ZWE');
SET IDENTITY_INSERT [#__sdi_sys_country] OFF;
SET IDENTITY_INSERT [#__sdi_sys_exceptionlevel] ON;
INSERT [#__sdi_sys_exceptionlevel] ([id], [ordering], [state], [value]) VALUES (1, 1, 1, N'permissive');
INSERT [#__sdi_sys_exceptionlevel] ([id], [ordering], [state], [value]) VALUES (2, 2, 1, N'restrictive');
SET IDENTITY_INSERT [#__sdi_sys_exceptionlevel] OFF;
SET IDENTITY_INSERT [#__sdi_sys_importtype] ON;
INSERT [#__sdi_sys_importtype] ([id], [ordering], [state], [value]) VALUES (1, 1, 1, N'replace');
INSERT [#__sdi_sys_importtype] ([id], [ordering], [state], [value]) VALUES (2, 2, 1, N'merge');
SET IDENTITY_INSERT [#__sdi_sys_importtype] OFF;
SET IDENTITY_INSERT [#__sdi_sys_isolanguage] ON;
INSERT [#__sdi_sys_isolanguage] ([id], [ordering], [state], [value]) VALUES (1, 1, 1, N'iso639-1');
INSERT [#__sdi_sys_isolanguage] ([id], [ordering], [state], [value]) VALUES (2, 2, 1, N'iso639-2B');
INSERT [#__sdi_sys_isolanguage] ([id], [ordering], [state], [value]) VALUES (3, 3, 1, N'iso639-2T');
SET IDENTITY_INSERT [#__sdi_sys_isolanguage] OFF;
SET IDENTITY_INSERT [#__sdi_sys_loglevel] ON;
INSERT [#__sdi_sys_loglevel] ([id], [ordering], [state], [value]) VALUES (1, 1, 1, N'off');
INSERT [#__sdi_sys_loglevel] ([id], [ordering], [state], [value]) VALUES (2, 2, 1, N'fatal');
INSERT [#__sdi_sys_loglevel] ([id], [ordering], [state], [value]) VALUES (3, 3, 1, N'error');
INSERT [#__sdi_sys_loglevel] ([id], [ordering], [state], [value]) VALUES (4, 4, 1, N'warning');
INSERT [#__sdi_sys_loglevel] ([id], [ordering], [state], [value]) VALUES (5, 5, 1, N'info');
INSERT [#__sdi_sys_loglevel] ([id], [ordering], [state], [value]) VALUES (6, 6, 1, N'debug');
INSERT [#__sdi_sys_loglevel] ([id], [ordering], [state], [value]) VALUES (7, 7, 1, N'trace');
INSERT [#__sdi_sys_loglevel] ([id], [ordering], [state], [value]) VALUES (8, 8, 1, N'All');
SET IDENTITY_INSERT [#__sdi_sys_loglevel] OFF;
SET IDENTITY_INSERT [#__sdi_sys_logroll] ON;
INSERT [#__sdi_sys_logroll] ([id], [ordering], [state], [value]) VALUES (1, 1, 1, N'daily');
INSERT [#__sdi_sys_logroll] ([id], [ordering], [state], [value]) VALUES (2, 2, 1, N'weekly');
INSERT [#__sdi_sys_logroll] ([id], [ordering], [state], [value]) VALUES (3, 3, 1, N'monthly');
INSERT [#__sdi_sys_logroll] ([id], [ordering], [state], [value]) VALUES (4, 4, 1, N'annually');
SET IDENTITY_INSERT [#__sdi_sys_logroll] OFF;
SET IDENTITY_INSERT [#__sdi_sys_maptool] ON;
INSERT [#__sdi_sys_maptool] ([id], [alias], [ordering], [state], [name]) VALUES (1, N'googleearth', 1, 1, N'Google Earth');
INSERT [#__sdi_sys_maptool] ([id], [alias], [ordering], [state], [name]) VALUES (2, N'navigation', 2, 1, N'Navigation');
INSERT [#__sdi_sys_maptool] ([id], [alias], [ordering], [state], [name]) VALUES (3, N'zoom', 3, 1, N'Zoom');
INSERT [#__sdi_sys_maptool] ([id], [alias], [ordering], [state], [name]) VALUES (4, N'navigationhistory', 4, 1, N'Navigation history');
INSERT [#__sdi_sys_maptool] ([id], [alias], [ordering], [state], [name]) VALUES (5, N'zoomtoextent', 5, 1, N'Zoom to extent');
INSERT [#__sdi_sys_maptool] ([id], [alias], [ordering], [state], [name]) VALUES (6, N'measure', 6, 1, N'Measure');
INSERT [#__sdi_sys_maptool] ([id], [alias], [ordering], [state], [name]) VALUES (7, N'googlegeocoder', 7, 1, N'Google Geocoder');
INSERT [#__sdi_sys_maptool] ([id], [alias], [ordering], [state], [name]) VALUES (8, N'print', 8, 1, N'Print');
INSERT [#__sdi_sys_maptool] ([id], [alias], [ordering], [state], [name]) VALUES (9, N'addlayer', 9, 1, N'Add layer');
INSERT [#__sdi_sys_maptool] ([id], [alias], [ordering], [state], [name]) VALUES (10, N'removelayer', 10, 1, N'Remove layer');
INSERT [#__sdi_sys_maptool] ([id], [alias], [ordering], [state], [name]) VALUES (11, N'layerproperties', 11, 1, N'Layer properties');
INSERT [#__sdi_sys_maptool] ([id], [alias], [ordering], [state], [name]) VALUES (12, N'getfeatureinfo', 12, 1, N'Get feature info');
INSERT [#__sdi_sys_maptool] ([id], [alias], [ordering], [state], [name]) VALUES (13, N'layertree', 13, 1, N'Layer tree');
INSERT [#__sdi_sys_maptool] ([id], [alias], [ordering], [state], [name]) VALUES (14, N'scaleline', 14, 1, N'Scale line');
INSERT [#__sdi_sys_maptool] ([id], [alias], [ordering], [state], [name]) VALUES (15, N'mouseposition', 15, 1, N'Mouse position');
INSERT [#__sdi_sys_maptool] ([id], [alias], [ordering], [state], [name]) VALUES (16, N'wfslocator', 16, 1, N'Wfs locator');
INSERT [#__sdi_sys_maptool] ([id], [alias], [ordering], [state], [name]) VALUES (17, N'searchcatalog', 17, 1, N'Catalog search');
INSERT [#__sdi_sys_maptool] ([id], [alias], [ordering], [state], [name]) VALUES (18, N'layerdetailsheet', 18, 1, N'Layer detail sheet');
INSERT [#__sdi_sys_maptool] ([id], [alias], [ordering], [state], [name]) VALUES (19, N'layerdownload', 19, 1, N'Layer download');
INSERT [#__sdi_sys_maptool] ([id], [alias], [ordering], [state], [name]) VALUES (20, N'layerorder', 20, 1, N'Layer order');
INSERT [#__sdi_sys_maptool] ([id], [alias], [ordering], [state], [name]) VALUES (21, N'indoornavigation', 20, 1, N'Indoor navigation');
SET IDENTITY_INSERT [#__sdi_sys_maptool] OFF;
SET IDENTITY_INSERT [#__sdi_sys_metadatastate] ON;
INSERT [#__sdi_sys_metadatastate] ([id], [ordering], [state], [value]) VALUES (1, 1, 1, N'inprogress');
INSERT [#__sdi_sys_metadatastate] ([id], [ordering], [state], [value]) VALUES (2, 2, 1, N'validated');
INSERT [#__sdi_sys_metadatastate] ([id], [ordering], [state], [value]) VALUES (3, 3, 1, N'published');
INSERT [#__sdi_sys_metadatastate] ([id], [ordering], [state], [value]) VALUES (4, 4, 1, N'archived');
SET IDENTITY_INSERT [#__sdi_sys_metadatastate] OFF;
SET IDENTITY_INSERT [#__sdi_sys_metadataversion] ON;
INSERT [#__sdi_sys_metadataversion] ([id], [ordering], [state], [value]) VALUES (1, 1, 1, N'all');
INSERT [#__sdi_sys_metadataversion] ([id], [ordering], [state], [value]) VALUES (2, 2, 1, N'last');
SET IDENTITY_INSERT [#__sdi_sys_metadataversion] OFF;
SET IDENTITY_INSERT [#__sdi_sys_operationcompliance] ON;
INSERT [#__sdi_sys_operationcompliance] ([id], [ordering], [state], [servicecompliance_id], [serviceoperation_id], [implemented]) VALUES (1, 1, 1, 1, 1, 1);
INSERT [#__sdi_sys_operationcompliance] ([id], [ordering], [state], [servicecompliance_id], [serviceoperation_id], [implemented]) VALUES (2, 2, 1, 1, 2, 1);
INSERT [#__sdi_sys_operationcompliance] ([id], [ordering], [state], [servicecompliance_id], [serviceoperation_id], [implemented]) VALUES (3, 3, 1, 1, 3, 1);
INSERT [#__sdi_sys_operationcompliance] ([id], [ordering], [state], [servicecompliance_id], [serviceoperation_id], [implemented]) VALUES (4, 4, 1, 1, 4, 1);
INSERT [#__sdi_sys_operationcompliance] ([id], [ordering], [state], [servicecompliance_id], [serviceoperation_id], [implemented]) VALUES (5, 5, 1, 1, 5, 0);
INSERT [#__sdi_sys_operationcompliance] ([id], [ordering], [state], [servicecompliance_id], [serviceoperation_id], [implemented]) VALUES (6, 6, 1, 1, 6, 0);
INSERT [#__sdi_sys_operationcompliance] ([id], [ordering], [state], [servicecompliance_id], [serviceoperation_id], [implemented]) VALUES (7, 7, 1, 1, 7, 0);
INSERT [#__sdi_sys_operationcompliance] ([id], [ordering], [state], [servicecompliance_id], [serviceoperation_id], [implemented]) VALUES (8, 8, 1, 1, 8, 0);
INSERT [#__sdi_sys_operationcompliance] ([id], [ordering], [state], [servicecompliance_id], [serviceoperation_id], [implemented]) VALUES (9, 9, 1, 1, 9, 0);
INSERT [#__sdi_sys_operationcompliance] ([id], [ordering], [state], [servicecompliance_id], [serviceoperation_id], [implemented]) VALUES (10, 10, 1, 1, 10, 0);
INSERT [#__sdi_sys_operationcompliance] ([id], [ordering], [state], [servicecompliance_id], [serviceoperation_id], [implemented]) VALUES (11, 11, 1, 2, 1, 1);
INSERT [#__sdi_sys_operationcompliance] ([id], [ordering], [state], [servicecompliance_id], [serviceoperation_id], [implemented]) VALUES (12, 12, 1, 2, 2, 1);
INSERT [#__sdi_sys_operationcompliance] ([id], [ordering], [state], [servicecompliance_id], [serviceoperation_id], [implemented]) VALUES (13, 13, 1, 2, 3, 1);
INSERT [#__sdi_sys_operationcompliance] ([id], [ordering], [state], [servicecompliance_id], [serviceoperation_id], [implemented]) VALUES (14, 14, 1, 2, 4, 1);
INSERT [#__sdi_sys_operationcompliance] ([id], [ordering], [state], [servicecompliance_id], [serviceoperation_id], [implemented]) VALUES (15, 15, 1, 2, 5, 0);
INSERT [#__sdi_sys_operationcompliance] ([id], [ordering], [state], [servicecompliance_id], [serviceoperation_id], [implemented]) VALUES (16, 16, 1, 2, 6, 0);
INSERT [#__sdi_sys_operationcompliance] ([id], [ordering], [state], [servicecompliance_id], [serviceoperation_id], [implemented]) VALUES (17, 17, 1, 2, 7, 0);
INSERT [#__sdi_sys_operationcompliance] ([id], [ordering], [state], [servicecompliance_id], [serviceoperation_id], [implemented]) VALUES (18, 18, 1, 2, 8, 0);
INSERT [#__sdi_sys_operationcompliance] ([id], [ordering], [state], [servicecompliance_id], [serviceoperation_id], [implemented]) VALUES (19, 19, 1, 2, 9, 0);
INSERT [#__sdi_sys_operationcompliance] ([id], [ordering], [state], [servicecompliance_id], [serviceoperation_id], [implemented]) VALUES (20, 20, 1, 2, 10, 0);
INSERT [#__sdi_sys_operationcompliance] ([id], [ordering], [state], [servicecompliance_id], [serviceoperation_id], [implemented]) VALUES (21, 21, 1, 6, 1, 1);
INSERT [#__sdi_sys_operationcompliance] ([id], [ordering], [state], [servicecompliance_id], [serviceoperation_id], [implemented]) VALUES (22, 22, 1, 6, 11, 1);
INSERT [#__sdi_sys_operationcompliance] ([id], [ordering], [state], [servicecompliance_id], [serviceoperation_id], [implemented]) VALUES (23, 23, 1, 6, 12, 1);
INSERT [#__sdi_sys_operationcompliance] ([id], [ordering], [state], [servicecompliance_id], [serviceoperation_id], [implemented]) VALUES (24, 24, 1, 7, 13, 1);
INSERT [#__sdi_sys_operationcompliance] ([id], [ordering], [state], [servicecompliance_id], [serviceoperation_id], [implemented]) VALUES (25, 25, 1, 7, 14, 1);
INSERT [#__sdi_sys_operationcompliance] ([id], [ordering], [state], [servicecompliance_id], [serviceoperation_id], [implemented]) VALUES (26, 26, 1, 7, 15, 0);
INSERT [#__sdi_sys_operationcompliance] ([id], [ordering], [state], [servicecompliance_id], [serviceoperation_id], [implemented]) VALUES (27, 27, 1, 7, 1, 1);
INSERT [#__sdi_sys_operationcompliance] ([id], [ordering], [state], [servicecompliance_id], [serviceoperation_id], [implemented]) VALUES (28, 28, 1, 7, 16, 0);
INSERT [#__sdi_sys_operationcompliance] ([id], [ordering], [state], [servicecompliance_id], [serviceoperation_id], [implemented]) VALUES (29, 29, 1, 3, 17, 1);
INSERT [#__sdi_sys_operationcompliance] ([id], [ordering], [state], [servicecompliance_id], [serviceoperation_id], [implemented]) VALUES (30, 30, 1, 3, 18, 1);
INSERT [#__sdi_sys_operationcompliance] ([id], [ordering], [state], [servicecompliance_id], [serviceoperation_id], [implemented]) VALUES (31, 31, 1, 3, 19, 0);
INSERT [#__sdi_sys_operationcompliance] ([id], [ordering], [state], [servicecompliance_id], [serviceoperation_id], [implemented]) VALUES (32, 32, 1, 3, 20, 0);
INSERT [#__sdi_sys_operationcompliance] ([id], [ordering], [state], [servicecompliance_id], [serviceoperation_id], [implemented]) VALUES (33, 33, 1, 3, 21, 0);
INSERT [#__sdi_sys_operationcompliance] ([id], [ordering], [state], [servicecompliance_id], [serviceoperation_id], [implemented]) VALUES (34, 34, 1, 3, 1, 1);
INSERT [#__sdi_sys_operationcompliance] ([id], [ordering], [state], [servicecompliance_id], [serviceoperation_id], [implemented]) VALUES (35, 35, 1, 4, 17, 1);
INSERT [#__sdi_sys_operationcompliance] ([id], [ordering], [state], [servicecompliance_id], [serviceoperation_id], [implemented]) VALUES (36, 36, 1, 4, 18, 1);
INSERT [#__sdi_sys_operationcompliance] ([id], [ordering], [state], [servicecompliance_id], [serviceoperation_id], [implemented]) VALUES (37, 37, 1, 4, 19, 0);
INSERT [#__sdi_sys_operationcompliance] ([id], [ordering], [state], [servicecompliance_id], [serviceoperation_id], [implemented]) VALUES (38, 38, 1, 4, 20, 0);
INSERT [#__sdi_sys_operationcompliance] ([id], [ordering], [state], [servicecompliance_id], [serviceoperation_id], [implemented]) VALUES (39, 39, 1, 4, 21, 0);
INSERT [#__sdi_sys_operationcompliance] ([id], [ordering], [state], [servicecompliance_id], [serviceoperation_id], [implemented]) VALUES (40, 40, 1, 4, 1, 1);
INSERT [#__sdi_sys_operationcompliance] ([id], [ordering], [state], [servicecompliance_id], [serviceoperation_id], [implemented]) VALUES (41, 41, 1, 5, 17, 1);
INSERT [#__sdi_sys_operationcompliance] ([id], [ordering], [state], [servicecompliance_id], [serviceoperation_id], [implemented]) VALUES (42, 42, 1, 5, 18, 1);
INSERT [#__sdi_sys_operationcompliance] ([id], [ordering], [state], [servicecompliance_id], [serviceoperation_id], [implemented]) VALUES (43, 43, 1, 5, 19, 0);
INSERT [#__sdi_sys_operationcompliance] ([id], [ordering], [state], [servicecompliance_id], [serviceoperation_id], [implemented]) VALUES (44, 44, 1, 5, 20, 0);
INSERT [#__sdi_sys_operationcompliance] ([id], [ordering], [state], [servicecompliance_id], [serviceoperation_id], [implemented]) VALUES (45, 45, 1, 5, 21, 0);
INSERT [#__sdi_sys_operationcompliance] ([id], [ordering], [state], [servicecompliance_id], [serviceoperation_id], [implemented]) VALUES (46, 46, 1, 5, 1, 1);
INSERT [#__sdi_sys_operationcompliance] ([id], [ordering], [state], [servicecompliance_id], [serviceoperation_id], [implemented]) VALUES (47, 47, 1, 3, 12, 1);
INSERT [#__sdi_sys_operationcompliance] ([id], [ordering], [state], [servicecompliance_id], [serviceoperation_id], [implemented]) VALUES (48, 48, 1, 4, 12, 1);
INSERT [#__sdi_sys_operationcompliance] ([id], [ordering], [state], [servicecompliance_id], [serviceoperation_id], [implemented]) VALUES (49, 49, 1, 5, 12, 1);
SET IDENTITY_INSERT [#__sdi_sys_operationcompliance] OFF;
SET IDENTITY_INSERT [#__sdi_sys_orderstate] ON;

INSERT [#__sdi_sys_orderstate] ([id], [ordering], [state], [value]) VALUES (2, 8, 1, N'historized');
INSERT [#__sdi_sys_orderstate] ([id], [ordering], [state], [value]) VALUES (3, 6, 1, N'finish');
INSERT [#__sdi_sys_orderstate] ([id], [ordering], [state], [value]) VALUES (4, 4, 1, N'await');
INSERT [#__sdi_sys_orderstate] ([id], [ordering], [state], [value]) VALUES (5, 5, 1, N'progress');
INSERT [#__sdi_sys_orderstate] ([id], [ordering], [state], [value]) VALUES (6, 3, 1, N'sent');
INSERT [#__sdi_sys_orderstate] ([id], [ordering], [state], [value]) VALUES (7, 1, 1, N'saved');
INSERT [#__sdi_sys_orderstate] ([id], [ordering], [state], [value]) VALUES ('8', '2', '1', N'validation');
INSERT [#__sdi_sys_orderstate] ([id], [ordering], [state], [value]) VALUES ('9', '9', '1', N'rejectedbythirdparty');
INSERT [#__sdi_sys_orderstate] ([id], [ordering], [state], [value]) VALUES ('10', '10', '1', N'rejectedbysupplier');
SET IDENTITY_INSERT [#__sdi_sys_orderstate] OFF;
SET IDENTITY_INSERT [#__sdi_sys_ordertype] ON;
INSERT [#__sdi_sys_ordertype] ([id], [ordering], [state], [value]) VALUES (1, 1, 1, N'order');
INSERT [#__sdi_sys_ordertype] ([id], [ordering], [state], [value]) VALUES (2, 2, 1, N'estimate');
INSERT [#__sdi_sys_ordertype] ([id], [ordering], [state], [value]) VALUES (3, 3, 1, N'draft');
SET IDENTITY_INSERT [#__sdi_sys_ordertype] OFF;
SET IDENTITY_INSERT [#__sdi_sys_productstate] ON;
INSERT [#__sdi_sys_productstate] ([id], [ordering], [state], [value]) VALUES (1, 1, 1, N'available');
INSERT [#__sdi_sys_productstate] ([id], [ordering], [state], [value]) VALUES (2, 2, 1, N'await');
INSERT [#__sdi_sys_productstate] ([id], [ordering], [state], [value]) VALUES (3, 3, 1, N'sent');
INSERT [#__sdi_sys_productstate] ([id], [ordering], [state], [value]) VALUES (4, 4, 1, N'validation');
INSERT [#__sdi_sys_productstate] ([id], [ordering], [state], [value]) VALUES (5, 5, 1, N'rejectedbythirdparty');
INSERT [#__sdi_sys_productstate] ([id], [ordering], [state], [value]) VALUES (6, 6, 1, N'rejectedbysupplier');
INSERT [#__sdi_sys_productstate] ([id], [ordering], [state], [value]) VALUES (7, 7, 1, N'deleted');
INSERT [#__sdi_sys_productstate] ([id], [ordering], [state], [value]) VALUES (8, 8, 1, N'blocked');
SET IDENTITY_INSERT [#__sdi_sys_productstate] OFF;

SET IDENTITY_INSERT [#__sdi_sys_productstorage] ON;
INSERT [#__sdi_sys_productstorage] ([id], [ordering], [state], [value]) VALUES (1, 1, 1, N'upload');
INSERT [#__sdi_sys_productstorage] ([id], [ordering], [state], [value]) VALUES (2, 2, 1, N'url');
INSERT [#__sdi_sys_productstorage] ([id], [ordering], [state], [value]) VALUES (3, 3, 1, N'zoning');
SET IDENTITY_INSERT [#__sdi_sys_productstorage] OFF;

SET IDENTITY_INSERT [#__sdi_sys_productmining] ON;
INSERT [#__sdi_sys_productmining] ([id], [ordering], [state], [value]) VALUES (1, 2, 1, N'automatic');
INSERT [#__sdi_sys_productmining] ([id], [ordering], [state], [value]) VALUES (2, 1, 1, N'manual');
SET IDENTITY_INSERT [#__sdi_sys_productmining] OFF;

SET IDENTITY_INSERT [#__sdi_sys_extractstorage] ON;
INSERT [#__sdi_sys_extractstorage] ([id], [ordering], [state], [value]) VALUES (1, 1, 1, N'local');
INSERT [#__sdi_sys_extractstorage] ([id], [ordering], [state], [value]) VALUES (2, 2, 1, N'remote');
SET IDENTITY_INSERT [#__sdi_sys_extractstorage] OFF;

SET IDENTITY_INSERT [#__sdi_sys_propertytype] ON;
INSERT [#__sdi_sys_propertytype] ([id], [ordering], [state], [value]) VALUES (1, 1, 1, N'list');
INSERT [#__sdi_sys_propertytype] ([id], [ordering], [state], [value]) VALUES (2, 2, 1, N'multiplelist');
INSERT [#__sdi_sys_propertytype] ([id], [ordering], [state], [value]) VALUES (3, 3, 1, N'checkbox');
INSERT [#__sdi_sys_propertytype] ([id], [ordering], [state], [value]) VALUES (4, 4, 1, N'text');
INSERT [#__sdi_sys_propertytype] ([id], [ordering], [state], [value]) VALUES (5, 5, 1, N'textarea');
INSERT [#__sdi_sys_propertytype] ([id], [ordering], [state], [value]) VALUES (6, 6, 1, N'message');
SET IDENTITY_INSERT [#__sdi_sys_propertytype] OFF;
SET IDENTITY_INSERT [#__sdi_sys_proxytype] ON;
INSERT [#__sdi_sys_proxytype] ([id], [ordering], [state], [value]) VALUES (1, 1, 1, N'harvest');
INSERT [#__sdi_sys_proxytype] ([id], [ordering], [state], [value]) VALUES (2, 2, 1, N'relay');
INSERT [#__sdi_sys_proxytype] ([id], [ordering], [state], [value]) VALUES (3, 3, 1, N'aggregate');
SET IDENTITY_INSERT [#__sdi_sys_proxytype] OFF;
SET IDENTITY_INSERT [#__sdi_sys_relationscope] ON;
INSERT [#__sdi_sys_relationscope] ([id], [ordering], [state], [value]) VALUES (1, 1, 1, N'editable');
INSERT [#__sdi_sys_relationscope] ([id], [ordering], [state], [value]) VALUES (2, 2, 1, N'visible');
INSERT [#__sdi_sys_relationscope] ([id], [ordering], [state], [value]) VALUES (3, 3, 1, N'hidden');
SET IDENTITY_INSERT [#__sdi_sys_relationscope] OFF;
SET IDENTITY_INSERT [#__sdi_sys_relationtype] ON;
INSERT [#__sdi_sys_relationtype] ([id], [ordering], [state], [value]) VALUES (1, 1, 1, N'association');
INSERT [#__sdi_sys_relationtype] ([id], [ordering], [state], [value]) VALUES (2, 2, 1, N'aggregation');
INSERT [#__sdi_sys_relationtype] ([id], [ordering], [state], [value]) VALUES (3, 3, 1, N'composition');
INSERT [#__sdi_sys_relationtype] ([id], [ordering], [state], [value]) VALUES (4, 4, 1, N'generalization');
SET IDENTITY_INSERT [#__sdi_sys_relationtype] OFF;
SET IDENTITY_INSERT [#__sdi_sys_searchtab] ON;
INSERT [#__sdi_sys_searchtab] ([id], [ordering], [state], [value]) VALUES (1, 1, 1, N'simple');
INSERT [#__sdi_sys_searchtab] ([id], [ordering], [state], [value]) VALUES (2, 2, 1, N'advanced');
INSERT [#__sdi_sys_searchtab] ([id], [ordering], [state], [value]) VALUES (3, 3, 1, N'hidden');
INSERT [#__sdi_sys_searchtab] ([id], [ordering], [state], [value]) VALUES (4, 4, 1, N'none');
SET IDENTITY_INSERT [#__sdi_sys_searchtab] OFF;
SET IDENTITY_INSERT [#__sdi_sys_servicecompliance] ON;
INSERT [#__sdi_sys_servicecompliance] ([id], [ordering], [state], [serviceconnector_id], [serviceversion_id], [implemented], [relayable], [aggregatable], [harvestable]) VALUES (1, 1, 1, 1, 7, 1, 1, 0, 1);
INSERT [#__sdi_sys_servicecompliance] ([id], [ordering], [state], [serviceconnector_id], [serviceversion_id], [implemented], [relayable], [aggregatable], [harvestable]) VALUES (2, 2, 1, 1, 8, 1, 1, 0, 1);
INSERT [#__sdi_sys_servicecompliance] ([id], [ordering], [state], [serviceconnector_id], [serviceversion_id], [implemented], [relayable], [aggregatable], [harvestable]) VALUES (3, 3, 1, 2, 2, 1, 1, 1, 0);
INSERT [#__sdi_sys_servicecompliance] ([id], [ordering], [state], [serviceconnector_id], [serviceversion_id], [implemented], [relayable], [aggregatable], [harvestable]) VALUES (4, 4, 1, 2, 3, 1, 1, 1, 0);
INSERT [#__sdi_sys_servicecompliance] ([id], [ordering], [state], [serviceconnector_id], [serviceversion_id], [implemented], [relayable], [aggregatable], [harvestable]) VALUES (5, 5, 1, 2, 4, 1, 1, 1, 0);
INSERT [#__sdi_sys_servicecompliance] ([id], [ordering], [state], [serviceconnector_id], [serviceversion_id], [implemented], [relayable], [aggregatable], [harvestable]) VALUES (6, 6, 1, 3, 1, 1, 1, 0, 0);
INSERT [#__sdi_sys_servicecompliance] ([id], [ordering], [state], [serviceconnector_id], [serviceversion_id], [implemented], [relayable], [aggregatable], [harvestable]) VALUES (7, 7, 1, 4, 1, 1, 1, 1, 0);
INSERT [#__sdi_sys_servicecompliance] ([id], [ordering], [state], [serviceconnector_id], [serviceversion_id], [implemented], [relayable], [aggregatable], [harvestable]) VALUES (8, 8, 1, 11, 2, 1, 1, 1, 0);
INSERT [#__sdi_sys_servicecompliance] ([id], [ordering], [state], [serviceconnector_id], [serviceversion_id], [implemented], [relayable], [aggregatable], [harvestable]) VALUES (9, 9, 1, 11, 3, 1, 1, 1, 0);
INSERT [#__sdi_sys_servicecompliance] ([id], [ordering], [state], [serviceconnector_id], [serviceversion_id], [implemented], [relayable], [aggregatable], [harvestable]) VALUES (10, 10, 1, 11, 4, 1, 1, 1, 0);
SET IDENTITY_INSERT [#__sdi_sys_servicecompliance] OFF;
SET IDENTITY_INSERT [#__sdi_sys_servicecon_authenticationcon] ON;
INSERT [#__sdi_sys_servicecon_authenticationcon] ([id], [serviceconnector_id], [authenticationconnector_id]) VALUES (1, 1, 1);
INSERT [#__sdi_sys_servicecon_authenticationcon] ([id], [serviceconnector_id], [authenticationconnector_id]) VALUES (2, 1, 2);
INSERT [#__sdi_sys_servicecon_authenticationcon] ([id], [serviceconnector_id], [authenticationconnector_id]) VALUES (3, 2, 1);
INSERT [#__sdi_sys_servicecon_authenticationcon] ([id], [serviceconnector_id], [authenticationconnector_id]) VALUES (4, 3, 1);
INSERT [#__sdi_sys_servicecon_authenticationcon] ([id], [serviceconnector_id], [authenticationconnector_id]) VALUES (5, 4, 1);
INSERT [#__sdi_sys_servicecon_authenticationcon] ([id], [serviceconnector_id], [authenticationconnector_id]) VALUES (6, 5, 1);
INSERT [#__sdi_sys_servicecon_authenticationcon] ([id], [serviceconnector_id], [authenticationconnector_id]) VALUES (7, 6, 1);
INSERT [#__sdi_sys_servicecon_authenticationcon] ([id], [serviceconnector_id], [authenticationconnector_id]) VALUES (8, 7, 1);
INSERT [#__sdi_sys_servicecon_authenticationcon] ([id], [serviceconnector_id], [authenticationconnector_id]) VALUES (9, 8, 1);
INSERT [#__sdi_sys_servicecon_authenticationcon] ([id], [serviceconnector_id], [authenticationconnector_id]) VALUES (10, 9, 1);
INSERT [#__sdi_sys_servicecon_authenticationcon] ([id], [serviceconnector_id], [authenticationconnector_id]) VALUES (11, 10, 1);
SET IDENTITY_INSERT [#__sdi_sys_servicecon_authenticationcon] OFF;
SET IDENTITY_INSERT [#__sdi_sys_serviceconnector] ON;
INSERT [#__sdi_sys_serviceconnector] ([id], [ordering], [state], [value]) VALUES (1, 1, 1, N'CSW');
INSERT [#__sdi_sys_serviceconnector] ([id], [ordering], [state], [value]) VALUES (2, 2, 1, N'WMS');
INSERT [#__sdi_sys_serviceconnector] ([id], [ordering], [state], [value]) VALUES (3, 3, 1, N'WMTS');
INSERT [#__sdi_sys_serviceconnector] ([id], [ordering], [state], [value]) VALUES (4, 4, 1, N'WFS');
INSERT [#__sdi_sys_serviceconnector] ([id], [ordering], [state], [value]) VALUES (5, 5, 0, N'WCS');
INSERT [#__sdi_sys_serviceconnector] ([id], [ordering], [state], [value]) VALUES (6, 6, 0, N'WCPS');
INSERT [#__sdi_sys_serviceconnector] ([id], [ordering], [state], [value]) VALUES (7, 7, 0, N'SOS');
INSERT [#__sdi_sys_serviceconnector] ([id], [ordering], [state], [value]) VALUES (8, 8, 0, N'SPS');
INSERT [#__sdi_sys_serviceconnector] ([id], [ordering], [state], [value]) VALUES (9, 9, 0, N'WPS');
INSERT [#__sdi_sys_serviceconnector] ([id], [ordering], [state], [value]) VALUES (10, 10, 0, N'OLS');
INSERT [#__sdi_sys_serviceconnector] ([id], [ordering], [state], [value]) VALUES (11, 11, 1, N'WMSC');
INSERT [#__sdi_sys_serviceconnector] ([id], [ordering], [state], [value]) VALUES (12, 12, 0, N'Bing');
INSERT [#__sdi_sys_serviceconnector] ([id], [ordering], [state], [value]) VALUES (13, 13, 0, N'Google');
INSERT [#__sdi_sys_serviceconnector] ([id], [ordering], [state], [value]) VALUES (14, 14, 0, N'OSM');
SET IDENTITY_INSERT [#__sdi_sys_serviceconnector] OFF;
SET IDENTITY_INSERT [#__sdi_sys_serviceoperation] ON;
INSERT [#__sdi_sys_serviceoperation] ([id], [ordering], [state], [value]) VALUES (1, 1, 1, N'GetCapabilities');
INSERT [#__sdi_sys_serviceoperation] ([id], [ordering], [state], [value]) VALUES (2, 2, 1, N'GetRecords');
INSERT [#__sdi_sys_serviceoperation] ([id], [ordering], [state], [value]) VALUES (3, 3, 1, N'GetRecordById');
INSERT [#__sdi_sys_serviceoperation] ([id], [ordering], [state], [value]) VALUES (4, 4, 1, N'DescribeRecord');
INSERT [#__sdi_sys_serviceoperation] ([id], [ordering], [state], [value]) VALUES (5, 5, 1, N'TransactionInsert');
INSERT [#__sdi_sys_serviceoperation] ([id], [ordering], [state], [value]) VALUES (6, 6, 1, N'TransactionUpdate');
INSERT [#__sdi_sys_serviceoperation] ([id], [ordering], [state], [value]) VALUES (7, 7, 1, N'TransactionReplace');
INSERT [#__sdi_sys_serviceoperation] ([id], [ordering], [state], [value]) VALUES (8, 8, 1, N'TransactionDelete');
INSERT [#__sdi_sys_serviceoperation] ([id], [ordering], [state], [value]) VALUES (9, 9, 1, N'GetDomain');
INSERT [#__sdi_sys_serviceoperation] ([id], [ordering], [state], [value]) VALUES (10, 10, 1, N'Harvest');
INSERT [#__sdi_sys_serviceoperation] ([id], [ordering], [state], [value]) VALUES (11, 11, 1, N'GetTile');
INSERT [#__sdi_sys_serviceoperation] ([id], [ordering], [state], [value]) VALUES (12, 12, 1, N'GetFeatureInfo');
INSERT [#__sdi_sys_serviceoperation] ([id], [ordering], [state], [value]) VALUES (13, 13, 1, N'DescribeFeatureType');
INSERT [#__sdi_sys_serviceoperation] ([id], [ordering], [state], [value]) VALUES (14, 14, 1, N'GetFeature');
INSERT [#__sdi_sys_serviceoperation] ([id], [ordering], [state], [value]) VALUES (15, 15, 1, N'LockFeature');
INSERT [#__sdi_sys_serviceoperation] ([id], [ordering], [state], [value]) VALUES (16, 16, 1, N'GetFeatureWithLock');
INSERT [#__sdi_sys_serviceoperation] ([id], [ordering], [state], [value]) VALUES (17, 17, 1, N'GetMap');
INSERT [#__sdi_sys_serviceoperation] ([id], [ordering], [state], [value]) VALUES (18, 18, 1, N'GetLegendGraphic');
INSERT [#__sdi_sys_serviceoperation] ([id], [ordering], [state], [value]) VALUES (19, 19, 1, N'DescribeLayer');
INSERT [#__sdi_sys_serviceoperation] ([id], [ordering], [state], [value]) VALUES (20, 20, 1, N'GetStyles');
INSERT [#__sdi_sys_serviceoperation] ([id], [ordering], [state], [value]) VALUES (21, 21, 1, N'PutStyles');
SET IDENTITY_INSERT [#__sdi_sys_serviceoperation] OFF;
SET IDENTITY_INSERT [#__sdi_sys_servicescope] ON;
INSERT [#__sdi_sys_servicescope] ([id], [ordering], [state], [value]) VALUES (1, 1, 1, N'all');
INSERT [#__sdi_sys_servicescope] ([id], [ordering], [state], [value]) VALUES (2, 2, 1, N'organism');
INSERT [#__sdi_sys_servicescope] ([id], [ordering], [state], [value]) VALUES (3, 3, 1, N'none');
SET IDENTITY_INSERT [#__sdi_sys_servicescope] OFF;
SET IDENTITY_INSERT [#__sdi_sys_servicetype] ON;
INSERT [#__sdi_sys_servicetype] ([id], [ordering], [state], [value]) VALUES (1, 1, 1, N'physical');
INSERT [#__sdi_sys_servicetype] ([id], [ordering], [state], [value]) VALUES (2, 2, 1, N'virtual');
SET IDENTITY_INSERT [#__sdi_sys_servicetype] OFF;
SET IDENTITY_INSERT [#__sdi_sys_serviceversion] ON;
INSERT [#__sdi_sys_serviceversion] ([id], [ordering], [state], [value]) VALUES (1, 1, 1, N'1.0.0');
INSERT [#__sdi_sys_serviceversion] ([id], [ordering], [state], [value]) VALUES (2, 2, 1, N'1.1.0');
INSERT [#__sdi_sys_serviceversion] ([id], [ordering], [state], [value]) VALUES (3, 3, 1, N'1.1.1');
INSERT [#__sdi_sys_serviceversion] ([id], [ordering], [state], [value]) VALUES (4, 4, 1, N'1.3.0');
INSERT [#__sdi_sys_serviceversion] ([id], [ordering], [state], [value]) VALUES (5, 5, 1, N'2.0');
INSERT [#__sdi_sys_serviceversion] ([id], [ordering], [state], [value]) VALUES (6, 6, 1, N'2.0.0');
INSERT [#__sdi_sys_serviceversion] ([id], [ordering], [state], [value]) VALUES (7, 7, 1, N'2.0.1');
INSERT [#__sdi_sys_serviceversion] ([id], [ordering], [state], [value]) VALUES (8, 8, 1, N'2.0.2');
SET IDENTITY_INSERT [#__sdi_sys_serviceversion] OFF;
SET IDENTITY_INSERT [#__sdi_sys_spatialoperator] ON;
INSERT [#__sdi_sys_spatialoperator] ([id], [ordering], [state], [value]) VALUES (1, 1, 1, N'within');
INSERT [#__sdi_sys_spatialoperator] ([id], [ordering], [state], [value]) VALUES (2, 3, 1, N'touch');
SET IDENTITY_INSERT [#__sdi_sys_spatialoperator] OFF;
SET IDENTITY_INSERT [#__sdi_sys_topiccategory] ON;
INSERT [#__sdi_sys_topiccategory] ([id], [ordering], [state], [value]) VALUES (1, 1, 1, N'farming');
INSERT [#__sdi_sys_topiccategory] ([id], [ordering], [state], [value]) VALUES (2, 2, 1, N'biota');
INSERT [#__sdi_sys_topiccategory] ([id], [ordering], [state], [value]) VALUES (3, 3, 1, N'bounderies');
INSERT [#__sdi_sys_topiccategory] ([id], [ordering], [state], [value]) VALUES (4, 4, 1, N'climatologyMeteorologyAtmosphere');
INSERT [#__sdi_sys_topiccategory] ([id], [ordering], [state], [value]) VALUES (5, 5, 1, N'economy');
INSERT [#__sdi_sys_topiccategory] ([id], [ordering], [state], [value]) VALUES (6, 6, 1, N'elevation');
INSERT [#__sdi_sys_topiccategory] ([id], [ordering], [state], [value]) VALUES (7, 7, 1, N'environment');
INSERT [#__sdi_sys_topiccategory] ([id], [ordering], [state], [value]) VALUES (8, 8, 1, N'geoscientificinformation');
INSERT [#__sdi_sys_topiccategory] ([id], [ordering], [state], [value]) VALUES (9, 9, 1, N'health');
INSERT [#__sdi_sys_topiccategory] ([id], [ordering], [state], [value]) VALUES (10, 10, 1, N'imageryBaseMapsEarthCover');
INSERT [#__sdi_sys_topiccategory] ([id], [ordering], [state], [value]) VALUES (11, 11, 1, N'intelligenceMilitary');
INSERT [#__sdi_sys_topiccategory] ([id], [ordering], [state], [value]) VALUES (12, 12, 1, N'inlandWaters');
INSERT [#__sdi_sys_topiccategory] ([id], [ordering], [state], [value]) VALUES (13, 13, 1, N'location');
INSERT [#__sdi_sys_topiccategory] ([id], [ordering], [state], [value]) VALUES (14, 14, 1, N'oceans');
INSERT [#__sdi_sys_topiccategory] ([id], [ordering], [state], [value]) VALUES (15, 15, 1, N'planningCadastre');
INSERT [#__sdi_sys_topiccategory] ([id], [ordering], [state], [value]) VALUES (16, 16, 1, N'society');
INSERT [#__sdi_sys_topiccategory] ([id], [ordering], [state], [value]) VALUES (17, 17, 1, N'structure');
INSERT [#__sdi_sys_topiccategory] ([id], [ordering], [state], [value]) VALUES (18, 18, 1, N'transportation');
INSERT [#__sdi_sys_topiccategory] ([id], [ordering], [state], [value]) VALUES (19, 19, 1, N'utilitiesCommunication');
SET IDENTITY_INSERT [#__sdi_sys_topiccategory] OFF;
SET IDENTITY_INSERT [#__sdi_sys_unit] ON;
INSERT [#__sdi_sys_unit] ([id], [ordering], [state], [alias], [name]) VALUES (1, 1, 1, N'm', N'meter');
INSERT [#__sdi_sys_unit] ([id], [ordering], [state], [alias], [name]) VALUES (2, 2, 1, N'dd', N'degree');
SET IDENTITY_INSERT [#__sdi_sys_unit] OFF;
SET IDENTITY_INSERT [#__sdi_sys_versiontype] ON;
INSERT [#__sdi_sys_versiontype] ([id], [ordering], [state], [value]) VALUES (1, 1, 1, N'all');
INSERT [#__sdi_sys_versiontype] ([id], [ordering], [state], [value]) VALUES (2, 2, 1, N'lastPublishedVersion');
SET IDENTITY_INSERT [#__sdi_sys_versiontype] OFF;

INSERT [last_ids] ([TABLE_NAME], [LAST_ID]) VALUES (N'ACTIONS', 2);
INSERT [last_ids] ([TABLE_NAME], [LAST_ID]) VALUES (N'ALERTS', 161);
INSERT [last_ids] ([TABLE_NAME], [LAST_ID]) VALUES (N'HTTP_METHODS', 3);
INSERT [last_ids] ([TABLE_NAME], [LAST_ID]) VALUES (N'JOB_DEFAULTS', 11);
INSERT [last_ids] ([TABLE_NAME], [LAST_ID]) VALUES (N'JOBS', 45);
INSERT [last_ids] ([TABLE_NAME], [LAST_ID]) VALUES (N'LAST_QUERY_RESULTS', 39);
INSERT [last_ids] ([TABLE_NAME], [LAST_ID]) VALUES (N'LOG_ENTRIES', 1046);
INSERT [last_ids] ([TABLE_NAME], [LAST_ID]) VALUES (N'OVERVIEW_PAGE', 18);
INSERT [last_ids] ([TABLE_NAME], [LAST_ID]) VALUES (N'OVERVIEW_QUERIES', 8);
INSERT [last_ids] ([TABLE_NAME], [LAST_ID]) VALUES (N'QUERIES', 94);
INSERT [last_ids] ([TABLE_NAME], [LAST_ID]) VALUES (N'QUERY_VALIDATION_RESULTS', 12);
INSERT [last_ids] ([TABLE_NAME], [LAST_ID]) VALUES (N'QUERY_VALIDATION_SETTINGS', 48);
INSERT [last_ids] ([TABLE_NAME], [LAST_ID]) VALUES (N'SERVICE_METHODS', 10);
INSERT [last_ids] ([TABLE_NAME], [LAST_ID]) VALUES (N'SERVICE_TYPES', 8);
INSERT [last_ids] ([TABLE_NAME], [LAST_ID]) VALUES (N'STATUSES', 5);

INSERT [statuses] ([ID_STATUS], [NAME]) VALUES (1, N'AVAILABLE');
INSERT [statuses] ([ID_STATUS], [NAME]) VALUES (2, N'OUT_OF_ORDER');
INSERT [statuses] ([ID_STATUS], [NAME]) VALUES (3, N'UNAVAILABLE');
INSERT [statuses] ([ID_STATUS], [NAME]) VALUES (4, N'NOT_TESTED');


SET IDENTITY_INSERT [#__sdi_namespace] ON;
INSERT [#__sdi_namespace] ([id], [guid], [alias], [created_by], [created], [modified_by], [modified], [ordering], [state], [checked_out], [checked_out_time], [name], [prefix], [uri], [system], [access], [asset_id]) VALUES (1, N'6df1fcd1-0a57-8b74-cd21-354dc5ef0b3d', N'gmd', 356, CAST(0x00BFAB003F370B0000 AS DateTime2), NULL, NULL, 1, 1, 0, CAST(0x00BFAB003F370B0000 AS DateTime2), N'gmd', N'gmd', N'http://www.isotc211.org/2005/gmd', 1, 1, 0);
INSERT [#__sdi_namespace] ([id], [guid], [alias], [created_by], [created], [modified_by], [modified], [ordering], [state], [checked_out], [checked_out_time], [name], [prefix], [uri], [system], [access], [asset_id]) VALUES (2, N'016318b2-29ec-3a74-c161-14aa1b1d3b97', N'gco', 356, CAST(0x00BFAB003F370B0000 AS DateTime2), NULL, NULL, 2, 1, 0, CAST(0x00BFAB003F370B0000 AS DateTime2), N'gco', N'gco', N'http://www.isotc211.org/2005/gco', 1, 1, 0);
INSERT [#__sdi_namespace] ([id], [guid], [alias], [created_by], [created], [modified_by], [modified], [ordering], [state], [checked_out], [checked_out_time], [name], [prefix], [uri], [system], [access], [asset_id]) VALUES (3, N'3e31cc00-8fa3-97a4-8510-dac7e4bac992', N'gml', 356, CAST(0x00BFAB003F370B0000 AS DateTime2), NULL, NULL, 3, 1, 0, CAST(0x00BFAB003F370B0000 AS DateTime2), N'gml', N'gml', N'http://www.opengis.net/gml', 1, 1, 0);
INSERT [#__sdi_namespace] ([id], [guid], [alias], [created_by], [created], [modified_by], [modified], [ordering], [state], [checked_out], [checked_out_time], [name], [prefix], [uri], [system], [access], [asset_id]) VALUES (4, N'd4b19594-af15-0b44-516b-22284be8dc66', N'sdi', 356, CAST(0x00BFAB003F370B0000 AS DateTime2), NULL, NULL, 4, 1, 0, CAST(0x00BFAB003F370B0000 AS DateTime2), N'sdi', N'sdi', N'http://www.easysdi.org/2011/sdi', 1, 1, 0);
INSERT [#__sdi_namespace] ([id], [guid], [alias], [created_by], [created], [modified_by], [modified], [ordering], [state], [checked_out], [checked_out_time], [name], [prefix], [uri], [system], [access], [asset_id]) VALUES (5, N'd84c3757-6471-49ed-a109-c8cef52840a8', N'catalog', 356, CAST(0x00BFAB003F370B0000 AS DateTime2), NULL, NULL, 5, 1, 0, CAST(0x00BFAB003F370B0000 AS DateTime2), N'catalog', N'catalog', N'http://www.easysdi.org/2011/sdi/catalog', 1, 1, 0);
SET IDENTITY_INSERT [#__sdi_namespace] OFF;
SET IDENTITY_INSERT [#__sdi_searchcriteria] ON;
INSERT [#__sdi_searchcriteria] ([id], [guid], [alias], [created_by], [created], [modified_by], [modified], [ordering], [state], [checked_out], [checked_out_time], [name], [issystem], [criteriatype_id], [rendertype_id], [relation_id], [access], [asset_id]) VALUES (1, N'58dfe161-60c3-4b72-b768-e4a09bae8cdb', N'fulltext', 356, CAST(0x00FC9F003B370B0000 AS DateTime2), NULL, NULL, 0, 1, 0, CAST(0x00FC9F003B370B0000 AS DateTime2), N'fulltext', 1, 1, 5, NULL, 0, 0);
INSERT [#__sdi_searchcriteria] ([id], [guid], [alias], [created_by], [created], [modified_by], [modified], [ordering], [state], [checked_out], [checked_out_time], [name], [issystem], [criteriatype_id], [rendertype_id], [relation_id], [access], [asset_id]) VALUES (2, N'05b0fb40-459c-4ed2-a985-ce1611593969', N'resourcetype', 356, CAST(0x00FC9F003B370B0000 AS DateTime2), NULL, NULL, 0, 1, 0, CAST(0x00FC9F003B370B0000 AS DateTime2), N'resourcetype', 1, 1, 2, NULL, 0, 0);
INSERT [#__sdi_searchcriteria] ([id], [guid], [alias], [created_by], [created], [modified_by], [modified], [ordering], [state], [checked_out], [checked_out_time], [name], [issystem], [criteriatype_id], [rendertype_id], [relation_id], [access], [asset_id]) VALUES (3, N'f839e3ae-d983-4366-b24f-2678f4cbe188', N'versions', 356, CAST(0x00FC9F003B370B0000 AS DateTime2), NULL, NULL, 0, 1, 0, CAST(0x00FC9F003B370B0000 AS DateTime2), N'versions', 1, 1, 2, NULL, 0, 0);
INSERT [#__sdi_searchcriteria] ([id], [guid], [alias], [created_by], [created], [modified_by], [modified], [ordering], [state], [checked_out], [checked_out_time], [name], [issystem], [criteriatype_id], [rendertype_id], [relation_id], [access], [asset_id]) VALUES (4, N'4d402bfd-b50a-42ae-8db4-af8ef940575b', N'resourcename', 356, CAST(0x00FC9F003B370B0000 AS DateTime2), NULL, NULL, 0, 1, 0, CAST(0x00FC9F003B370B0000 AS DateTime2), N'resourcename', 1, 1, 5, NULL, 0, 0);
INSERT [#__sdi_searchcriteria] ([id], [guid], [alias], [created_by], [created], [modified_by], [modified], [ordering], [state], [checked_out], [checked_out_time], [name], [issystem], [criteriatype_id], [rendertype_id], [relation_id], [access], [asset_id]) VALUES (5, N'2157fe2c-3705-4db9-a623-462ae38405fa', N'created', 356, CAST(0x00FC9F003B370B0000 AS DateTime2), NULL, NULL, 0, 1, 0, CAST(0x00FC9F003B370B0000 AS DateTime2), N'created', 1, 1, 6, NULL, 0, 0);
INSERT [#__sdi_searchcriteria] ([id], [guid], [alias], [created_by], [created], [modified_by], [modified], [ordering], [state], [checked_out], [checked_out_time], [name], [issystem], [criteriatype_id], [rendertype_id], [relation_id], [access], [asset_id]) VALUES (6, N'979a4e90-601e-46fe-9239-9080e4238c1e', N'published', 356, CAST(0x00FC9F003B370B0000 AS DateTime2), NULL, NULL, 0, 1, 0, CAST(0x00FC9F003B370B0000 AS DateTime2), N'published', 1, 1, 6, NULL, 0, 0);
INSERT [#__sdi_searchcriteria] ([id], [guid], [alias], [created_by], [created], [modified_by], [modified], [ordering], [state], [checked_out], [checked_out_time], [name], [issystem], [criteriatype_id], [rendertype_id], [relation_id], [access], [asset_id]) VALUES (7, N'f761bc2d-57ac-4252-9cd2-17ae5e92793b', N'organism', 356, CAST(0x00FC9F003B370B0000 AS DateTime2), NULL, NULL, 0, 1, 0, CAST(0x00FC9F003B370B0000 AS DateTime2), N'organism', 1, 1, 4, NULL, 0, 0);
INSERT [#__sdi_searchcriteria] ([id], [guid], [alias], [created_by], [created], [modified_by], [modified], [ordering], [state], [checked_out], [checked_out_time], [name], [issystem], [criteriatype_id], [rendertype_id], [relation_id], [access], [asset_id]) VALUES (8, N'b2a4c66a-f40c-473d-a03f-5b5e4f93f760', N'definedBoundary', 356, CAST(0x00FC9F003B370B0000 AS DateTime2), NULL, NULL, 0, 1, 0, CAST(0x00FC9F003B370B0000 AS DateTime2), N'definedBoundary', 1, 1, 4, NULL, 0, 0);
INSERT [#__sdi_searchcriteria] ([id], [guid], [alias], [created_by], [created], [modified_by], [modified], [ordering], [state], [checked_out], [checked_out_time], [name], [issystem], [criteriatype_id], [rendertype_id], [relation_id], [access], [asset_id]) VALUES (9, N'8a85ed55-6a9c-4af7-aba1-a3c0f8281453', N'isDownloadable', 356, CAST(0x00FC9F003B370B0000 AS DateTime2), NULL, NULL, 0, 1, 0, CAST(0x00FC9F003B370B0000 AS DateTime2), N'isDownloadable', 1, 1, 2, NULL, 0, 0);
INSERT [#__sdi_searchcriteria] ([id], [guid], [alias], [created_by], [created], [modified_by], [modified], [ordering], [state], [checked_out], [checked_out_time], [name], [issystem], [criteriatype_id], [rendertype_id], [relation_id], [access], [asset_id]) VALUES (10, N'f80fcf1c-84df-4202-8838-6bbcb273a68d', N'isFree', 356, CAST(0x00FC9F003B370B0000 AS DateTime2), NULL, NULL, 0, 1, 0, CAST(0x00FC9F003B370B0000 AS DateTime2), N'isFree', 1, 1, 2, NULL, 0, 0);
INSERT [#__sdi_searchcriteria] ([id], [guid], [alias], [created_by], [created], [modified_by], [modified], [ordering], [state], [checked_out], [checked_out_time], [name], [issystem], [criteriatype_id], [rendertype_id], [relation_id], [access], [asset_id]) VALUES (11, N'a9a44261-05da-4ee8-a3f2-4ec1c53bcb00', N'isOrderable', 356, CAST(0x00FC9F003B370B0000 AS DateTime2), NULL, NULL, 0, 1, 0, CAST(0x00FC9F003B370B0000 AS DateTime2), N'isOrderable', 1, 1, 2, NULL, 0, 0);
INSERT [#__sdi_searchcriteria] ([id], [guid], [alias], [created_by], [created], [modified_by], [modified], [ordering], [state], [checked_out], [checked_out_time], [name], [issystem], [criteriatype_id], [rendertype_id], [relation_id], [access], [asset_id]) VALUES (12, N'a9a44261-05da-4ee8-a3f2-4ec1c53bcb00', N'isViewable', 356, CAST(0x00FC9F003B370B0000 AS DateTime2), NULL, NULL, 0, 1, 0, CAST(0x00FC9F003B370B0000 AS DateTime2), N'isViewable', 1, 1, 2, NULL, 0, 0);
SET IDENTITY_INSERT [#__sdi_searchcriteria] OFF;

SET IDENTITY_INSERT [#__sdi_sys_perimetertype] ON;
INSERT [#__sdi_sys_perimetertype] ([id], [ordering], [state], [value]) VALUES (1,1,1,'extraction');
INSERT [#__sdi_sys_perimetertype] ([id], [ordering], [state], [value]) VALUES (2,2,1,'download');
INSERT [#__sdi_sys_perimetertype] ([id], [ordering], [state], [value]) VALUES (3,3,1,'both');
SET IDENTITY_INSERT [#__sdi_sys_perimetertype] OFF;

SET IDENTITY_INSERT [#__sdi_perimeter] ON;
INSERT [#__sdi_perimeter] ([id], [guid], [alias], [created_by], [created], [ordering], [state], [name], [description], [accessscope_id], [perimetertype_id]) VALUES (1, N'1a9f342c-bb1e-9bc4-dd19-38910dff0f59', N'freeperimeter', 356, CAST(0x00FC9F003B370B0000 AS DateTime2),1, 1, N'Free perimeter', '',1,1);
INSERT [#__sdi_perimeter] ([id], [guid], [alias], [created_by], [created], [ordering], [state], [name], [description], [accessscope_id], [perimetertype_id]) VALUES (2, N'9adc6d4e-262a-d6e4-e152-6de437ba80ed', N'myperimeter', 356, CAST(0x00FC9F003B370B0000 AS DateTime2),1, 1, N'My perimeter', '',1,1);
SET IDENTITY_INSERT [#__sdi_perimeter] OFF;

SET IDENTITY_INSERT [#__sdi_sys_pricing] ON;
INSERT [#__sdi_sys_pricing] ([id], [ordering], [state], [value]) VALUES ('1', '1', '1', 'free');
INSERT [#__sdi_sys_pricing] ([id], [ordering], [state], [value]) VALUES ('2', '2', '1', 'feewithoutapricingprofile');
INSERT [#__sdi_sys_pricing] ([id], [ordering], [state], [value]) VALUES ('3', '3', '1', 'feewithapricingprofile');
SET IDENTITY_INSERT [#__sdi_sys_pricing] OFF;

SET IDENTITY_INSERT [#__sdi_sys_server] ON
INSERT [#__sdi_sys_server] ([id], [ordering], [state], [value]) VALUES ('1', '1', '1', N'geoserver');
INSERT [#__sdi_sys_server] ([id], [ordering], [state], [value]) VALUES ('2', '2', '1', N'arcgisserver');
SET IDENTITY_INSERT [#__sdi_sys_server] OFF

SET IDENTITY_INSERT [#__sdi_sys_server_serviceconnector] ON
INSERT [#__sdi_sys_server_serviceconnector] ([id], [server_id], [serviceconnector_id]) VALUES ('1', '1', '2');
INSERT [#__sdi_sys_server_serviceconnector] ([id], [server_id], [serviceconnector_id]) VALUES ('2', '1', '3');
INSERT [#__sdi_sys_server_serviceconnector] ([id], [server_id], [serviceconnector_id]) VALUES ('3', '1', '4');
INSERT [#__sdi_sys_server_serviceconnector] ([id], [server_id], [serviceconnector_id]) VALUES ('4', '1', '5');
INSERT [#__sdi_sys_server_serviceconnector] ([id], [server_id], [serviceconnector_id]) VALUES ('5', '1', '11');
INSERT [#__sdi_sys_server_serviceconnector] ([id], [server_id], [serviceconnector_id]) VALUES ('6', '2', '2');
INSERT [#__sdi_sys_server_serviceconnector] ([id], [server_id], [serviceconnector_id]) VALUES ('7', '2', '4');
INSERT [#__sdi_sys_server_serviceconnector] ([id], [server_id], [serviceconnector_id]) VALUES ('8', '2', '5');
SET IDENTITY_INSERT [#__sdi_sys_server_serviceconnector] OFF