<?xml version="1.0" encoding="utf-8"?>
<install type="component" version="1.5.0">
	<name>EasySDI_Monitor</name>
	<creationDate>November 2010</creationDate>
	<author>asitvd.ch</author>
	<authorEmail>support@asitvd.ch</authorEmail>
	<version>2.0</version>
	<description>OGC web services monitoring application</description>
	<installfile>install.easysdi_monitor.php</installfile>
	<uninstallfile>uninstall.easysdi_monitor.php</uninstallfile>	
	<administration>
		<!-- Administration Menu Section -->
		<menu>Easy SDI</menu>
		<submenu>
			<menu link="option=com_easysdi_monitor&amp;view=main">Monitor</menu>
		</submenu>
		<!-- Administration Main File Copy Section -->

		<files>
			<filename>ApplicationSettings.js</filename>
			<filename>controller.php</filename>
			<filename>easysdi_monitor.php</filename>
			<filename>index.html</filename>
			<filename>license.txt</filename>
			<folder>css</folder>
			<folder>icons</folder>
			<folder>lang</folder>			
			<folder>script</folder>
			<folder>views</folder>
		  <folder>lib</folder>
		</files>
		<languages folder="language/admin">
			<language tag="fr-FR">fr-FR.com_easysdi_monitor.ini</language>
			<language tag="en-GB">en-GB.com_easysdi_monitor.ini</language>
		</languages>
	</administration>
</install>
