<?xml version="1.0" encoding="utf-8" ?><dwsync><file name="header_gradient.jpg" server="ftp.90plan.ovh.net/www/" local="3392915708" remote="11982843212" /><file name="icon_assets.gif" server="ftp.90plan.ovh.net/www/" local="3392915708" remote="11982843212" /><file name="index.html" server="ftp.90plan.ovh.net/www/" local="3392915708" remote="11982843212" /><file name="jscright.png" server="ftp.90plan.ovh.net/www/" local="3392915709" remote="11982843212" /><file name="forgotpass.png" server="ftp.90plan.ovh.net/www/" local="3393241038" remote="16278135888" /><file name="forgotuser.png" server="ftp.90plan.ovh.net/www/" local="3393241105" remote="16278135888" /><file name="regusr.png" server="ftp.90plan.ovh.net/www/" local="3393241071" remote="16278135888" /><file name="round.png" server="ftp.90plan.ovh.net/www/" local="3393245514" remote="16278140388" /></dwsync>