<?xml version="1.0"  ?>
<install version="1.5" type="component">
	<name>EasySDI_catalog</name>
	<version>2.0.0</version>
	<releaseDate>2011-02-21</releaseDate>
    <releaseType>Major update</releaseType>
	<creationDate>January 2011</creationDate>
	<author>Depth.ch</author>
	<authorEmail>easysdi@depth.ch</authorEmail>
	<authorUrl>www.depth.ch</authorUrl>
	<copyright></copyright>
	<license>http://www.gnu.org/licenses/gpl-2.0.html GNU/GPL</license>
	<description>
		Easysdi's catalog component.
	</description>
	
	<installfile>install.easysdi_catalog.php</installfile>
	<uninstallfile>uninstall.easysdi_catalog.php</uninstallfile>
	
	<administration>	
		<files>
			<filename>admin.easysdi_catalog.php</filename>
			<filename>license.txt</filename>
			<folder>core</folder>
			<folder>templates</folder>
			<folder>ext</folder>			
			<folder>js</folder>
			<folder>xsl</folder>
			<folder>robot</folder>
		</files>	

		<languages folder="./language/admin">
			<language tag="fr-FR">fr-FR.com_easysdi_catalog.ini</language>
			<language tag="de-DE">de-DE.com_easysdi_catalog.ini</language>
			<language tag="en-GB">en-GB.com_easysdi_catalog.ini</language>
		</languages>
	</administration>
	
	<files>
		<folder>ext</folder>			
		<folder>js</folder>
	</files>	
		
	<files folder="com_easysdi_catalog"> 
			<filename>easysdi_catalog.php</filename>
			<filename>license.txt</filename>									
			<folder>core</folder>
	</files>
</install>