<?xml version="1.0" encoding="utf-8" ?><dwsync><file name="blog.php" server="ftp.90plan.ovh.net/www/" local="3392915698" remote="11982843212" /><file name="blog.xml" server="ftp.90plan.ovh.net/www/" local="3392915699" remote="11982843212" /><file name="blog_item.php" server="ftp.90plan.ovh.net/www/" local="3392915699" remote="11982843212" /><file name="blog_links.php" server="ftp.90plan.ovh.net/www/" local="3392915699" remote="11982843212" /><file name="default.php" server="ftp.90plan.ovh.net/www/" local="3392915699" remote="11982843212" /><file name="default.xml" server="ftp.90plan.ovh.net/www/" local="3392915699" remote="11982843212" /><file name="default_items.php" server="ftp.90plan.ovh.net/www/" local="3392915699" remote="11982768992" /><file name="index.html" server="ftp.90plan.ovh.net/www/" local="3392915699" remote="11982768992" /></dwsync>