<?xml version="1.0"  ?>
<install version="1.5" type="module">
	<name>mod_location</name>
	<version>1.0</version>
	<creationDate>July 2008</creationDate>
	<author>Depth.ch</author>
	<authorEmail>easysdi@depth.ch</authorEmail>
	<authorUrl>www.depth.ch</authorUrl>
	<copyright></copyright>
	<license>http://www.gnu.org/licenses/gpl-2.0.html GNU/GPL</license>
	<description>module to locate on the map.</description>
	<files>
		<filename module="mod_location">mod_location.php</filename>
	</files>

</install>